{
    "raw": "```html\n<!DOCTYPE html>\n<html lang=\"en\">\n<head>\n    <meta charset=\"UTF-8\">\n    <meta name=\"viewport\" content=\"width=device-width, initial-scale=1.0\">\n    <title>Children's Story Page</title>\n    <style>\n        @page {\n            size: A4;\n            margin: 0;\n        }\n        \n        body {\n            margin: 0;\n            padding: 0;\n            font-family: \"Comic Sans MS\", cursive, sans-serif;\n            background-color: #f0f9ff;\n        }\n\n        .page {\n            width: 210mm;\n            height: 297mm;\n            margin: 0 auto;\n            background: white;\n            padding: 20mm;\n            box-sizing: border-box;\n            display: flex;\n            flex-direction: column;\n            align-items: center;\n            gap: 20px;\n        }\n\n        .illustration {\n            width: 170mm;\n            height: 127.5mm;\n            object-fit: contain;\n            border-radius: 15px;\n            box-shadow: 0 4px 8px rgba(0,0,0,0.1);\n        }\n\n        .content-container {\n            width: 100%;\n            display: flex;\n            gap: 20px;\n        }\n\n        .text-section {\n            flex: 1;\n            padding: 15px;\n            background-color: rgba(255,255,255,0.9);\n            border-radius: 10px;\n            box-shadow: 0 2px 4px rgba(0,0,0,0.05);\n        }\n\n        .text-content {\n            font-size: 16px;\n            line-height: 1.6;\n            color: #333;\n            margin-bottom: 10px;\n        }\n\n        .highlight {\n            background-color: #fff3b0;\n            padding: 2px 5px;\n            border-radius: 4px;\n            font-weight: bold;\n            color: #d35400;\n        }\n\n        .english {\n            border-left: 4px solid #3498db;\n        }\n\n        .translated {\n            border-left: 4px solid #e74c3c;\n        }\n\n        @media print {\n            body {\n                background: none;\n            }\n            \n            .page {\n                box-shadow: none;\n            }\n        }\n    </style>\n</head>\n<body>\n    <div class=\"page\">\n        <img class=\"illustration\" src=\"{{ illustration_path }}\" alt=\"Story Illustration\">\n        \n        <div class=\"content-container\">\n            <div class=\"text-section english\">\n                <div class=\"text-content\">\n                    {{ english_text|replace(english_highlight_vocabulary_word, \n                        '<span class=\"highlight\">' + english_highlight_vocabulary_word + '</span>')|safe \n                    }}\n                </div>\n            </div>\n            \n            <div class=\"text-section translated\">\n                <div class=\"text-content\">\n                    {{ translated_text|replace(translated_highlight_vocabulary_word, \n                        '<span class=\"highlight\">' + translated_highlight_vocabulary_word + '</span>')|safe \n                    }}\n                </div>\n            </div>\n        </div>\n    </div>\n\n    <script>\n        document.addEventListener('DOMContentLoaded', function() {\n            // Ensure proper page scaling for print\n            if (window.matchMedia) {\n                const mediaQueryList = window.matchMedia('print');\n                mediaQueryList.addListener(function(mql) {\n                    if (mql.matches) {\n                        document.body.style.width = '210mm';\n                        document.body.style.height = '297mm';\n                    }\n                });\n            }\n        });\n    </script>\n</body>\n</html>\n```",
    "pydantic": null,
    "json_dict": null,
    "tasks_output": [
        {
            "description": "Based on the user input \"The modern cosmology about the universe, its birth, evolution and different types of Celestial bodies\" and target age group \"1-6\", research the latest topics and themes. Use Wikipedia and other sources to gather background information and educational elements. Use simple language to explain hard concepts for children. Establish a final theme for a picture book, then determine the key educational elements.\n",
            "name": "research_story_theme_task",
            "expected_output": "Final theme for a picture book, key educational elements. Must follow user's input \"The modern cosmology about the universe, its birth, evolution and different types of Celestial bodies\".\n",
            "summary": "Based on the user input \"The modern cosmology about the...",
            "raw": "{\n  \"theme\": \"The Cosmic Adventure of Little Star: A Journey Through Our Amazing Universe\",\n  \"educational_elements\": [\n    \"Introduction to basic space objects (stars, planets, moons) through friendly characters\",\n    \"Simple explanation of day and night cycle using Earth's rotation\",\n    \"Basic concepts of light and darkness in space\",\n    \"Different shapes in the sky (round planets, spiral galaxies, shooting stars)\",\n    \"Colors in space (blue Earth, red Mars, yellow Sun)\",\n    \"Size comparisons using familiar objects (Sun is bigger than Earth, Earth is bigger than the Moon)\",\n    \"Introduction to basic space movements (orbiting, spinning)\",\n    \"Simple counting opportunities with stars and planets\",\n    \"Basic weather phenomena visible from Earth (clouds, rain, rainbows)\",\n    \"Concept of gravity explained through simple examples (things floating in space vs falling on Earth)\",\n    \"Introduction to astronauts and space exploration\",\n    \"Day vs night sky differences (Sun, Moon, stars)\",\n    \"Simple patterns in space (star constellations, planet alignments)\",\n    \"Basic vocabulary building (planet, star, moon, space, rocket, astronaut)\",\n    \"Emotional connection to space exploration through wonder and curiosity\",\n    \"Introduction to the concept of time through space events (day/night cycle, seasons)\",\n    \"Basic shapes recognition through celestial bodies\",\n    \"Simple cause-and-effect relationships in space phenomena\",\n    \"Environmental awareness through Earth's uniqueness in space\",\n    \"Development of observation skills through sky watching activities\"\n  ]\n}",
            "pydantic": null,
            "json_dict": {
                "theme": "The Cosmic Adventure of Little Star: A Journey Through Our Amazing Universe",
                "educational_elements": [
                    "Introduction to basic space objects (stars, planets, moons) through friendly characters",
                    "Simple explanation of day and night cycle using Earth's rotation",
                    "Basic concepts of light and darkness in space",
                    "Different shapes in the sky (round planets, spiral galaxies, shooting stars)",
                    "Colors in space (blue Earth, red Mars, yellow Sun)",
                    "Size comparisons using familiar objects (Sun is bigger than Earth, Earth is bigger than the Moon)",
                    "Introduction to basic space movements (orbiting, spinning)",
                    "Simple counting opportunities with stars and planets",
                    "Basic weather phenomena visible from Earth (clouds, rain, rainbows)",
                    "Concept of gravity explained through simple examples (things floating in space vs falling on Earth)",
                    "Introduction to astronauts and space exploration",
                    "Day vs night sky differences (Sun, Moon, stars)",
                    "Simple patterns in space (star constellations, planet alignments)",
                    "Basic vocabulary building (planet, star, moon, space, rocket, astronaut)",
                    "Emotional connection to space exploration through wonder and curiosity",
                    "Introduction to the concept of time through space events (day/night cycle, seasons)",
                    "Basic shapes recognition through celestial bodies",
                    "Simple cause-and-effect relationships in space phenomena",
                    "Environmental awareness through Earth's uniqueness in space",
                    "Development of observation skills through sky watching activities"
                ]
            },
            "agent": "Expert Educational Content Researcher\n",
            "output_format": "json"
        },
        {
            "description": "Create a detailed story outline based on the research findings and user requirements \"The modern cosmology about the universe, its birth, evolution and different types of Celestial bodies\". Plan the narrative structure for a picture book appropriate for age \"1-6\", including character development, plot points, and page-by-page story progression. Ensure the story length and complexity align with the target age group's attention span and comprehension level.\nNote: One page consists of a core vocabulary word, one simple English sentence, and its translation. (one-to-one)\n",
            "name": "develop_story_outline_task",
            "expected_output": "Title of the book, character descriptions, plot points, core vocabulary words, and educational elements.\n",
            "summary": "Create a detailed story outline based on the research findings...",
            "raw": "{\n  \"title\": \"The Cosmic Adventure of Little Star: A Journey Through Our Amazing Universe\",\n  \"character_descriptions\": [\n    \"Little Star - A curious young star who loves to explore and learn about the universe\",\n    \"Mama Sun - A wise and warm character who guides Little Star\",\n    \"Earth Friend - A friendly blue-green planet who teaches about life and weather\",\n    \"Luna Moon - A playful moon who shows different shapes as she dances\",\n    \"Mars Buddy - A red planet friend who helps teach about colors in space\"\n  ],\n  \"pages\": [\n    {\n      \"core_vocabulary\": \"star\",\n      \"plot_point\": \"Little Star twinkles in the night sky, wondering about the big universe.\",\n      \"educational_elements\": \"Introduction to the concept of stars and night sky\"\n    },\n    {\n      \"core_vocabulary\": \"sun\",\n      \"plot_point\": \"Mama Sun shines brightly, showing Little Star how big she is compared to other stars.\",\n      \"educational_elements\": \"Size comparison and introduction to the Sun\"\n    },\n    {\n      \"core_vocabulary\": \"planet\",\n      \"plot_point\": \"Little Star meets Earth Friend, a beautiful blue-green planet.\",\n      \"educational_elements\": \"Introduction to planets and Earth's unique appearance\"\n    },\n    {\n      \"core_vocabulary\": \"moon\",\n      \"plot_point\": \"Luna Moon dances around Earth Friend, changing shapes.\",\n      \"educational_elements\": \"Moon phases and orbital movement\"\n    },\n    {\n      \"core_vocabulary\": \"space\",\n      \"plot_point\": \"Little Star floats through dark space, seeing twinkling lights everywhere.\",\n      \"educational_elements\": \"Concept of space and stars as distant lights\"\n    },\n    {\n      \"core_vocabulary\": \"orbit\",\n      \"plot_point\": \"Earth Friend shows how she dances around Mama Sun.\",\n      \"educational_elements\": \"Basic concept of orbital movement\"\n    },\n    {\n      \"core_vocabulary\": \"day\",\n      \"plot_point\": \"Mama Sun makes daytime on Earth Friend's surface.\",\n      \"educational_elements\": \"Day/night cycle basics\"\n    },\n    {\n      \"core_vocabulary\": \"night\",\n      \"plot_point\": \"Little Star helps make the night sky beautiful with other stars.\",\n      \"educational_elements\": \"Night sky observation\"\n    },\n    {\n      \"core_vocabulary\": \"rocket\",\n      \"plot_point\": \"A shiny rocket zooms past, carrying astronauts to explore.\",\n      \"educational_elements\": \"Introduction to space exploration\"\n    },\n    {\n      \"core_vocabulary\": \"astronaut\",\n      \"plot_point\": \"Friendly astronauts wave to Little Star as they float in space.\",\n      \"educational_elements\": \"Human space exploration and floating in space\"\n    },\n    {\n      \"core_vocabulary\": \"galaxy\",\n      \"plot_point\": \"Little Star sees the beautiful spiral shape of the Milky Way.\",\n      \"educational_elements\": \"Introduction to galaxies and shapes in space\"\n    },\n    {\n      \"core_vocabulary\": \"weather\",\n      \"plot_point\": \"Earth Friend shows off clouds, rain, and beautiful rainbows.\",\n      \"educational_elements\": \"Basic weather phenomena\"\n    },\n    {\n      \"core_vocabulary\": \"Mars\",\n      \"plot_point\": \"Mars Buddy shows Little Star why he's called the Red Planet.\",\n      \"educational_elements\": \"Colors in space and planet identification\"\n    },\n    {\n      \"core_vocabulary\": \"constellation\",\n      \"plot_point\": \"Little Star makes patterns with star friends in the night sky.\",\n      \"educational_elements\": \"Star patterns and constellation concepts\"\n    },\n    {\n      \"core_vocabulary\": \"home\",\n      \"plot_point\": \"Little Star returns to Mama Sun, happy to have learned about the universe.\",\n      \"educational_elements\": \"Emotional connection and review of space concepts\"\n    }\n  ]\n}",
            "pydantic": null,
            "json_dict": {
                "title": "The Cosmic Adventure of Little Star: A Journey Through Our Amazing Universe",
                "character_descriptions": [
                    "Little Star - A curious young star who loves to explore and learn about the universe",
                    "Mama Sun - A wise and warm character who guides Little Star",
                    "Earth Friend - A friendly blue-green planet who teaches about life and weather",
                    "Luna Moon - A playful moon who shows different shapes as she dances",
                    "Mars Buddy - A red planet friend who helps teach about colors in space"
                ],
                "pages": [
                    {
                        "core_vocabulary": "star",
                        "plot_point": "Little Star twinkles in the night sky, wondering about the big universe.",
                        "educational_elements": "Introduction to the concept of stars and night sky"
                    },
                    {
                        "core_vocabulary": "sun",
                        "plot_point": "Mama Sun shines brightly, showing Little Star how big she is compared to other stars.",
                        "educational_elements": "Size comparison and introduction to the Sun"
                    },
                    {
                        "core_vocabulary": "planet",
                        "plot_point": "Little Star meets Earth Friend, a beautiful blue-green planet.",
                        "educational_elements": "Introduction to planets and Earth's unique appearance"
                    },
                    {
                        "core_vocabulary": "moon",
                        "plot_point": "Luna Moon dances around Earth Friend, changing shapes.",
                        "educational_elements": "Moon phases and orbital movement"
                    },
                    {
                        "core_vocabulary": "space",
                        "plot_point": "Little Star floats through dark space, seeing twinkling lights everywhere.",
                        "educational_elements": "Concept of space and stars as distant lights"
                    },
                    {
                        "core_vocabulary": "orbit",
                        "plot_point": "Earth Friend shows how she dances around Mama Sun.",
                        "educational_elements": "Basic concept of orbital movement"
                    },
                    {
                        "core_vocabulary": "day",
                        "plot_point": "Mama Sun makes daytime on Earth Friend's surface.",
                        "educational_elements": "Day/night cycle basics"
                    },
                    {
                        "core_vocabulary": "night",
                        "plot_point": "Little Star helps make the night sky beautiful with other stars.",
                        "educational_elements": "Night sky observation"
                    },
                    {
                        "core_vocabulary": "rocket",
                        "plot_point": "A shiny rocket zooms past, carrying astronauts to explore.",
                        "educational_elements": "Introduction to space exploration"
                    },
                    {
                        "core_vocabulary": "astronaut",
                        "plot_point": "Friendly astronauts wave to Little Star as they float in space.",
                        "educational_elements": "Human space exploration and floating in space"
                    },
                    {
                        "core_vocabulary": "galaxy",
                        "plot_point": "Little Star sees the beautiful spiral shape of the Milky Way.",
                        "educational_elements": "Introduction to galaxies and shapes in space"
                    },
                    {
                        "core_vocabulary": "weather",
                        "plot_point": "Earth Friend shows off clouds, rain, and beautiful rainbows.",
                        "educational_elements": "Basic weather phenomena"
                    },
                    {
                        "core_vocabulary": "Mars",
                        "plot_point": "Mars Buddy shows Little Star why he's called the Red Planet.",
                        "educational_elements": "Colors in space and planet identification"
                    },
                    {
                        "core_vocabulary": "constellation",
                        "plot_point": "Little Star makes patterns with star friends in the night sky.",
                        "educational_elements": "Star patterns and constellation concepts"
                    },
                    {
                        "core_vocabulary": "home",
                        "plot_point": "Little Star returns to Mama Sun, happy to have learned about the universe.",
                        "educational_elements": "Emotional connection and review of space concepts"
                    }
                ]
            },
            "agent": "Senior Children's Story Development Strategist\n",
            "output_format": "json"
        },
        {
            "description": "Transform the approved story outline into engaging, age-appropriate prose for each page. Ensure vocabulary and sentence structure are suitable for \"1-6\", while maintaining narrative flow and entertainment value. Each page's content should be balanced in length and complexity.\nNote: One page consists of a core vocabulary word, one simple English sentence, and its translation. (one-to-one)\n",
            "name": "write_story_content_task",
            "expected_output": "A list of story text and core vocabulary word broken down by pages, with age-appropriate language, engaging narrative, and consistent pacing throughout the book.\n",
            "summary": "Transform the approved story outline into engaging, age-appropriate prose for...",
            "raw": "{\n  \"pages\": [\n    {\n      \"core_vocabulary_word\": \"star\",\n      \"content\": \"Little Star sparkles bright in the dark sky.\"\n    },\n    {\n      \"core_vocabulary_word\": \"sun\",\n      \"content\": \"Mama Sun glows bigger than all other stars.\"\n    },\n    {\n      \"core_vocabulary_word\": \"planet\",\n      \"content\": \"Earth Friend is a pretty blue and green planet.\"\n    },\n    {\n      \"core_vocabulary_word\": \"moon\",\n      \"content\": \"Luna Moon changes shape as she dances.\"\n    },\n    {\n      \"core_vocabulary_word\": \"space\",\n      \"content\": \"Little Star floats in big, dark space.\"\n    },\n    {\n      \"core_vocabulary_word\": \"orbit\",\n      \"content\": \"Earth Friend spins around Mama Sun.\"\n    },\n    {\n      \"core_vocabulary_word\": \"day\",\n      \"content\": \"Mama Sun makes Earth bright and warm.\"\n    },\n    {\n      \"core_vocabulary_word\": \"night\",\n      \"content\": \"Little Star helps make the night sky pretty.\"\n    },\n    {\n      \"core_vocabulary_word\": \"rocket\",\n      \"content\": \"A shiny rocket zooms through space.\"\n    },\n    {\n      \"core_vocabulary_word\": \"astronaut\",\n      \"content\": \"Happy astronauts float and wave hello.\"\n    },\n    {\n      \"core_vocabulary_word\": \"galaxy\",\n      \"content\": \"The Milky Way spins like a pretty pinwheel.\"\n    },\n    {\n      \"core_vocabulary_word\": \"weather\",\n      \"content\": \"Earth Friend makes clouds and rainbows.\"\n    },\n    {\n      \"core_vocabulary_word\": \"Mars\",\n      \"content\": \"Mars Buddy glows red in the night sky.\"\n    },\n    {\n      \"core_vocabulary_word\": \"constellation\",\n      \"content\": \"Little Star makes pictures with star friends.\"\n    },\n    {\n      \"core_vocabulary_word\": \"home\",\n      \"content\": \"Little Star goes home to Mama Sun happy.\"\n    }\n  ]\n}",
            "pydantic": null,
            "json_dict": {
                "pages": [
                    {
                        "core_vocabulary_word": "star",
                        "content": "Little Star sparkles bright in the dark sky."
                    },
                    {
                        "core_vocabulary_word": "sun",
                        "content": "Mama Sun glows bigger than all other stars."
                    },
                    {
                        "core_vocabulary_word": "planet",
                        "content": "Earth Friend is a pretty blue and green planet."
                    },
                    {
                        "core_vocabulary_word": "moon",
                        "content": "Luna Moon changes shape as she dances."
                    },
                    {
                        "core_vocabulary_word": "space",
                        "content": "Little Star floats in big, dark space."
                    },
                    {
                        "core_vocabulary_word": "orbit",
                        "content": "Earth Friend spins around Mama Sun."
                    },
                    {
                        "core_vocabulary_word": "day",
                        "content": "Mama Sun makes Earth bright and warm."
                    },
                    {
                        "core_vocabulary_word": "night",
                        "content": "Little Star helps make the night sky pretty."
                    },
                    {
                        "core_vocabulary_word": "rocket",
                        "content": "A shiny rocket zooms through space."
                    },
                    {
                        "core_vocabulary_word": "astronaut",
                        "content": "Happy astronauts float and wave hello."
                    },
                    {
                        "core_vocabulary_word": "galaxy",
                        "content": "The Milky Way spins like a pretty pinwheel."
                    },
                    {
                        "core_vocabulary_word": "weather",
                        "content": "Earth Friend makes clouds and rainbows."
                    },
                    {
                        "core_vocabulary_word": "Mars",
                        "content": "Mars Buddy glows red in the night sky."
                    },
                    {
                        "core_vocabulary_word": "constellation",
                        "content": "Little Star makes pictures with star friends."
                    },
                    {
                        "core_vocabulary_word": "home",
                        "content": "Little Star goes home to Mama Sun happy."
                    }
                ]
            },
            "agent": "Versatile Children's Content Creator\n",
            "output_format": "json"
        },
        {
            "description": "Develop comprehensive visual style guidelines for the book's illustrations based on the content and target age group \"1-6\". Create detailed image generation prompts for each page that maintain consistency in character design, color palette, and overall artistic direction.\n",
            "name": "design_art_direction_task",
            "expected_output": "Character design specifications, color palette, visual style guidelines.\n",
            "summary": "Develop comprehensive visual style guidelines for the book's illustrations based...",
            "raw": "{\n  \"art_direction\": \"OVERALL STYLE AND TONE:\n- Whimsical, friendly character designs with soft, rounded shapes\n- Simplified forms suitable for ages 1-6\n- Warm, inviting atmosphere with gentle humor\n- Mix of close-up character moments and expansive space scenes\n- Simplified backgrounds that don't overwhelm main subjects\n\nCHARACTER DESIGN SPECIFICATIONS:\n\nLittle Star:\n- Small, five-pointed star with big expressive eyes\n- Gentle yellow glow with white center\n- Cute smile and rosy cheeks\n- Small arms and legs with rounded ends\n- Size reference: About 1/4 the size of Mama Sun\n\nMama Sun:\n- Large, warm circular form with soft corona\n- Gentle, maternal expression\n- Deeper golden yellow with orange highlights\n- Graceful arms with rounded ends\n- Size reference: Largest character in scenes\n\nEarth Friend:\n- Round sphere with simplified continents\n- Big friendly eyes and sweet smile\n- Vibrant but soft blue oceans\n- Gentle green landmasses\n- White swirling cloud details\n\nLuna Moon:\n- Curved crescent shape when not full\n- Silvery-white coloring\n- Dreamy expression\n- Delicate arms and legs\n- Various phase shapes maintaining consistent face placement\n\nCOLOR PALETTE:\n\nPrimary Colors:\n- Warm Yellow (Little Star, Mama Sun): #FFE5A5\n- Deep Space Blue: #1B2D4C\n- Earth Blue: #4F97DB\n- Forest Green: #57A773\n- Soft White: #FFFFFF\n\nSecondary Colors:\n- Gentle Orange: #FFB26B\n- Moon Silver: #E8EBF7\n- Mars Red: #D64045\n- Rocket Silver: #D1D5DB\n- Star Sparkle: #FFFAE6\n\nVISUAL GUIDELINES:\n\nBackgrounds:\n- Deep space backgrounds with gradients from #1B2D4C to #2A3F6A\n- Scattered small stars using #FFFFFF at 30-50% opacity\n- Nebula effects in soft purples and pinks where appropriate\n- Minimal detail to maintain focus on main characters\n\nLighting:\n- Soft glow effects around luminous objects\n- Gentle rim lighting on planets and moons\n- Warm highlights from Mama Sun\n- Cool ambient light in space scenes\n\nSpecial Effects:\n- Star twinkles using 4-point light bursts\n- Rocket trails with soft gradient fade\n- Planet atmospheres with subtle glow\n- Constellation lines in thin white\n\nText Integration:\n- Clear space around text areas\n- High contrast for readability\n- Text placement avoiding crucial character details\n\nScale Guidelines:\n- Mama Sun: Largest (when shown full)\n- Earth Friend: 1/3 of Mama Sun\n- Little Star: 1/4 of Earth Friend\n- Rocket: Similar size to Little Star\n- Astronauts: Slightly smaller than Little Star\n\nAnimation Suggestions:\n- Gentle floating movements\n- Soft rotations for planets\n- Twinkling effects for stars\n- Swaying motion for character limbs\n\nPage-Specific Notes:\n- Maintain consistent character sizes across scenes\n- Use depth and scale to create visual interest\n- Ensure emotional expressions match story content\n- Include small discovery elements for repeated viewing\"\n}",
            "pydantic": null,
            "json_dict": {
                "art_direction": "OVERALL STYLE AND TONE:\n- Whimsical, friendly character designs with soft, rounded shapes\n- Simplified forms suitable for ages 1-6\n- Warm, inviting atmosphere with gentle humor\n- Mix of close-up character moments and expansive space scenes\n- Simplified backgrounds that don't overwhelm main subjects\n\nCHARACTER DESIGN SPECIFICATIONS:\n\nLittle Star:\n- Small, five-pointed star with big expressive eyes\n- Gentle yellow glow with white center\n- Cute smile and rosy cheeks\n- Small arms and legs with rounded ends\n- Size reference: About 1/4 the size of Mama Sun\n\nMama Sun:\n- Large, warm circular form with soft corona\n- Gentle, maternal expression\n- Deeper golden yellow with orange highlights\n- Graceful arms with rounded ends\n- Size reference: Largest character in scenes\n\nEarth Friend:\n- Round sphere with simplified continents\n- Big friendly eyes and sweet smile\n- Vibrant but soft blue oceans\n- Gentle green landmasses\n- White swirling cloud details\n\nLuna Moon:\n- Curved crescent shape when not full\n- Silvery-white coloring\n- Dreamy expression\n- Delicate arms and legs\n- Various phase shapes maintaining consistent face placement\n\nCOLOR PALETTE:\n\nPrimary Colors:\n- Warm Yellow (Little Star, Mama Sun): #FFE5A5\n- Deep Space Blue: #1B2D4C\n- Earth Blue: #4F97DB\n- Forest Green: #57A773\n- Soft White: #FFFFFF\n\nSecondary Colors:\n- Gentle Orange: #FFB26B\n- Moon Silver: #E8EBF7\n- Mars Red: #D64045\n- Rocket Silver: #D1D5DB\n- Star Sparkle: #FFFAE6\n\nVISUAL GUIDELINES:\n\nBackgrounds:\n- Deep space backgrounds with gradients from #1B2D4C to #2A3F6A\n- Scattered small stars using #FFFFFF at 30-50% opacity\n- Nebula effects in soft purples and pinks where appropriate\n- Minimal detail to maintain focus on main characters\n\nLighting:\n- Soft glow effects around luminous objects\n- Gentle rim lighting on planets and moons\n- Warm highlights from Mama Sun\n- Cool ambient light in space scenes\n\nSpecial Effects:\n- Star twinkles using 4-point light bursts\n- Rocket trails with soft gradient fade\n- Planet atmospheres with subtle glow\n- Constellation lines in thin white\n\nText Integration:\n- Clear space around text areas\n- High contrast for readability\n- Text placement avoiding crucial character details\n\nScale Guidelines:\n- Mama Sun: Largest (when shown full)\n- Earth Friend: 1/3 of Mama Sun\n- Little Star: 1/4 of Earth Friend\n- Rocket: Similar size to Little Star\n- Astronauts: Slightly smaller than Little Star\n\nAnimation Suggestions:\n- Gentle floating movements\n- Soft rotations for planets\n- Twinkling effects for stars\n- Swaying motion for character limbs\n\nPage-Specific Notes:\n- Maintain consistent character sizes across scenes\n- Use depth and scale to create visual interest\n- Ensure emotional expressions match story content\n- Include small discovery elements for repeated viewing"
            },
            "agent": "Children's Book Art Director\n",
            "output_format": "json"
        },
        {
            "description": "Using AI image generation tools, create illustrations for each page following the art direction guidelines and content. Generate multiple variations for each scene to ensure the best possible visual representation. Ensure illustrations are engaging and appropriate for \"1-6\".\nNote: One illustration for one page (one-to-one)\n",
            "name": "create_illustrations_task",
            "expected_output": "High-quality AI illustration prompts (e.g. for Midjourney) for each page that align with the art direction, content, and age-appropriate visual complexity.\n",
            "summary": "Using AI image generation tools, create illustrations for each page...",
            "raw": "{\n  \"illustration_prompts\": [\n    \"Children's book illustration of a cute small 5-pointed star character with big expressive eyes and rosy cheeks, soft yellow glow with white center, twinkling in a deep blue night sky, whimsical style, soft lighting\",\n    \"Whimsical children's illustration of a large, warm sun character with gentle maternal expression and golden corona, radiating warmth, with small star child nearby for size comparison, soft gradients\",\n    \"Sweet children's book illustration of Earth as a friendly character with big eyes and smile, vibrant soft blue oceans and gentle green continents, white swirling clouds, meeting a small star character, against space background\",\n    \"Playful children's illustration of a silvery-white moon character showing different phases, dancing around a blue-green Earth, dreamy expression, gentle arms and legs, stars twinkling in background\",\n    \"Magical children's book illustration of a small star character floating through deep space with scattered distant stars and soft nebula colors, warm lighting effects\",\n    \"Dynamic children's illustration showing Earth orbiting around a large sun character, with simplified motion lines, deep space background with stars\",\n    \"Bright children's book illustration of sun character illuminating Earth, showing day side with warm colors and night side with stars, soft lighting effects\",\n    \"Enchanting night sky illustration with small star character and friends creating beautiful patterns of light, deep blue background with gentle star twinkles\",\n    \"Exciting children's book illustration of a sleek silver rocket zooming through space, passing by a small star character, with subtle motion trails\",\n    \"Cheerful children's illustration of astronauts in simplified spacesuits floating and waving to a cute star character, space background with Earth visible\",\n    \"Majestic children's book illustration of the Milky Way galaxy as a spiral pinwheel of stars, with small star character observing in wonder\",\n    \"Playful children's illustration of Earth creating weather, showing fluffy clouds and colorful rainbow, with star character watching in amazement\",\n    \"Warm children's book illustration of Mars as a friendly red planet character glowing against the night sky, meeting small star character\",\n    \"Magical children's illustration of small star character and star friends forming constellation patterns in the night sky, connected by gentle white lines\",\n    \"Heartwarming children's book illustration of small star character returning to large sun character, surrounded by warm glow, showing happy reunion\"\n  ]\n}",
            "pydantic": null,
            "json_dict": {
                "illustration_prompts": [
                    "Children's book illustration of a cute small 5-pointed star character with big expressive eyes and rosy cheeks, soft yellow glow with white center, twinkling in a deep blue night sky, whimsical style, soft lighting",
                    "Whimsical children's illustration of a large, warm sun character with gentle maternal expression and golden corona, radiating warmth, with small star child nearby for size comparison, soft gradients",
                    "Sweet children's book illustration of Earth as a friendly character with big eyes and smile, vibrant soft blue oceans and gentle green continents, white swirling clouds, meeting a small star character, against space background",
                    "Playful children's illustration of a silvery-white moon character showing different phases, dancing around a blue-green Earth, dreamy expression, gentle arms and legs, stars twinkling in background",
                    "Magical children's book illustration of a small star character floating through deep space with scattered distant stars and soft nebula colors, warm lighting effects",
                    "Dynamic children's illustration showing Earth orbiting around a large sun character, with simplified motion lines, deep space background with stars",
                    "Bright children's book illustration of sun character illuminating Earth, showing day side with warm colors and night side with stars, soft lighting effects",
                    "Enchanting night sky illustration with small star character and friends creating beautiful patterns of light, deep blue background with gentle star twinkles",
                    "Exciting children's book illustration of a sleek silver rocket zooming through space, passing by a small star character, with subtle motion trails",
                    "Cheerful children's illustration of astronauts in simplified spacesuits floating and waving to a cute star character, space background with Earth visible",
                    "Majestic children's book illustration of the Milky Way galaxy as a spiral pinwheel of stars, with small star character observing in wonder",
                    "Playful children's illustration of Earth creating weather, showing fluffy clouds and colorful rainbow, with star character watching in amazement",
                    "Warm children's book illustration of Mars as a friendly red planet character glowing against the night sky, meeting small star character",
                    "Magical children's illustration of small star character and star friends forming constellation patterns in the night sky, connected by gentle white lines",
                    "Heartwarming children's book illustration of small star character returning to large sun character, surrounded by warm glow, showing happy reunion"
                ]
            },
            "agent": "Children's Book AI Illustrator\n",
            "output_format": "json"
        },
        {
            "description": "Generate actual illustrations using AI image generation tools based on the prompts created. Ensure all images are generated at a consistent resolution of 1280x720 pixels or lower to maintain quality while optimizing file size. Save each generated image and track the file paths.\nNote: One illustration for one page (one-to-one)\n",
            "name": "generate_illustrations_task",
            "expected_output": "List of file paths to the generated illustrations, with each path corresponding to a specific page in sequential order. Also output the image size.\n",
            "summary": "Generate actual illustrations using AI image generation tools based on...",
            "raw": "{\n  \"image_size\": \"1024x768\",\n  \"illustration_paths\": [\n    \"https://fal.media/files/elephant/2BoFWPSsuab_adWM9r-kX.png\",\n    \"https://fal.media/files/elephant/_X0x3s1KuprQncMYXEMXT.png\",\n    \"https://fal.media/files/kangaroo/fbNtaPD5pFjDFyBVgLou4.png\",\n    \"https://fal.media/files/lion/SCK1MQmoJD_6h2PjzowUO.png\",\n    \"https://fal.media/files/lion/V7BZbzZ6F4T9CeRwj_ah3.png\",\n    \"https://fal.media/files/penguin/zw0qePQHUa0zKHp5AauCX.png\",\n    \"https://fal.media/files/elephant/x_EYyK6Akhh2fsqH69VXj.png\",\n    \"https://fal.media/files/rabbit/0DDFWTB1TR8XI8mhuLqio.png\",\n    \"https://fal.media/files/zebra/BsVXC2RyQrh9v_V27GSBE.png\",\n    \"https://fal.media/files/tiger/b7uukpyBf30FNSGhNvG-Z.png\",\n    \"https://fal.media/files/koala/gMgyHnVmgprHm5JRqahDR.png\",\n    \"https://fal.media/files/tiger/VbBQAXR0lr5wCU9iqpgGZ.png\",\n    \"https://fal.media/files/elephant/qRCt3b_kWkdXqvtV3FBJ4.png\",\n    \"https://fal.media/files/panda/9Ai6JxRCsjWFa02yJVmuS.png\",\n    \"https://fal.media/files/elephant/7l6zHcvDjyBRR3f6BiBNz.png\"\n  ]\n}",
            "pydantic": null,
            "json_dict": {
                "image_size": "1024x768",
                "illustration_paths": [
                    "https://fal.media/files/elephant/2BoFWPSsuab_adWM9r-kX.png",
                    "https://fal.media/files/elephant/_X0x3s1KuprQncMYXEMXT.png",
                    "https://fal.media/files/kangaroo/fbNtaPD5pFjDFyBVgLou4.png",
                    "https://fal.media/files/lion/SCK1MQmoJD_6h2PjzowUO.png",
                    "https://fal.media/files/lion/V7BZbzZ6F4T9CeRwj_ah3.png",
                    "https://fal.media/files/penguin/zw0qePQHUa0zKHp5AauCX.png",
                    "https://fal.media/files/elephant/x_EYyK6Akhh2fsqH69VXj.png",
                    "https://fal.media/files/rabbit/0DDFWTB1TR8XI8mhuLqio.png",
                    "https://fal.media/files/zebra/BsVXC2RyQrh9v_V27GSBE.png",
                    "https://fal.media/files/tiger/b7uukpyBf30FNSGhNvG-Z.png",
                    "https://fal.media/files/koala/gMgyHnVmgprHm5JRqahDR.png",
                    "https://fal.media/files/tiger/VbBQAXR0lr5wCU9iqpgGZ.png",
                    "https://fal.media/files/elephant/qRCt3b_kWkdXqvtV3FBJ4.png",
                    "https://fal.media/files/panda/9Ai6JxRCsjWFa02yJVmuS.png",
                    "https://fal.media/files/elephant/7l6zHcvDjyBRR3f6BiBNz.png"
                ]
            },
            "agent": "Children's Book AI Illustrator\n",
            "output_format": "json"
        },
        {
            "description": "Translate the approved text into the target language \"Chinese\", maintaining the story's charm, cultural nuances, and age-appropriate tone. Ensure the translation fits well with the illustrations and maintains proper pacing for each page.\nEach page consists of a core vocabulary word,one illustration, one simple English sentence, and its translation.\n",
            "name": "translate_content_task",
            "expected_output": "A list of complete translated text & core vocabulary word for each page in \"Chinese\", preserving the original story's engagement level and educational value while being culturally appropriate.\n",
            "summary": "Translate the approved text into the target language \"Chinese\", maintaining...",
            "raw": "{\n  \"pages\": [\n    {\n      \"core_vocabulary_word\": \"星星\",\n      \"content\": \"小星星在黑暗的天空中闪耀。\"\n    },\n    {\n      \"core_vocabulary_word\": \"太阳\",\n      \"content\": \"太阳妈妈比所有的星星都要大。\"\n    },\n    {\n      \"core_vocabulary_word\": \"行星\",\n      \"content\": \"地球朋友是一个美丽的蓝绿色行星。\"\n    },\n    {\n      \"core_vocabulary_word\": \"月亮\",\n      \"content\": \"月亮姐姐跳舞时会变换形状。\"\n    },\n    {\n      \"core_vocabulary_word\": \"太空\",\n      \"content\": \"小星星在广阔的黑暗太空中漂浮。\"\n    },\n    {\n      \"core_vocabulary_word\": \"轨道\",\n      \"content\": \"地球朋友围绕着太阳妈妈转。\"\n    },\n    {\n      \"core_vocabulary_word\": \"白天\",\n      \"content\": \"太阳妈妈让地球变得明亮温暖。\"\n    },\n    {\n      \"core_vocabulary_word\": \"夜晚\",\n      \"content\": \"小星星帮忙让夜空变得美丽。\"\n    },\n    {\n      \"core_vocabulary_word\": \"火箭\",\n      \"content\": \"闪亮的火箭在太空中飞驰。\"\n    },\n    {\n      \"core_vocabulary_word\": \"宇航员\",\n      \"content\": \"快乐的宇航员在太空中漂浮着挥手问好。\"\n    },\n    {\n      \"core_vocabulary_word\": \"星系\",\n      \"content\": \"银河系像美丽的风车一样旋转。\"\n    },\n    {\n      \"core_vocabulary_word\": \"天气\",\n      \"content\": \"地球朋友制造云朵和彩虹。\"\n    },\n    {\n      \"core_vocabulary_word\": \"火星\",\n      \"content\": \"火星伙伴在夜空中发出红色的光芒。\"\n    },\n    {\n      \"core_vocabulary_word\": \"星座\",\n      \"content\": \"小星星和星星朋友们一起画出图案。\"\n    },\n    {\n      \"core_vocabulary_word\": \"家\",\n      \"content\": \"小星星开心地回到太阳妈妈身边。\"\n    }\n  ]\n}",
            "pydantic": null,
            "json_dict": {
                "pages": [
                    {
                        "core_vocabulary_word": "星星",
                        "content": "小星星在黑暗的天空中闪耀。"
                    },
                    {
                        "core_vocabulary_word": "太阳",
                        "content": "太阳妈妈比所有的星星都要大。"
                    },
                    {
                        "core_vocabulary_word": "行星",
                        "content": "地球朋友是一个美丽的蓝绿色行星。"
                    },
                    {
                        "core_vocabulary_word": "月亮",
                        "content": "月亮姐姐跳舞时会变换形状。"
                    },
                    {
                        "core_vocabulary_word": "太空",
                        "content": "小星星在广阔的黑暗太空中漂浮。"
                    },
                    {
                        "core_vocabulary_word": "轨道",
                        "content": "地球朋友围绕着太阳妈妈转。"
                    },
                    {
                        "core_vocabulary_word": "白天",
                        "content": "太阳妈妈让地球变得明亮温暖。"
                    },
                    {
                        "core_vocabulary_word": "夜晚",
                        "content": "小星星帮忙让夜空变得美丽。"
                    },
                    {
                        "core_vocabulary_word": "火箭",
                        "content": "闪亮的火箭在太空中飞驰。"
                    },
                    {
                        "core_vocabulary_word": "宇航员",
                        "content": "快乐的宇航员在太空中漂浮着挥手问好。"
                    },
                    {
                        "core_vocabulary_word": "星系",
                        "content": "银河系像美丽的风车一样旋转。"
                    },
                    {
                        "core_vocabulary_word": "天气",
                        "content": "地球朋友制造云朵和彩虹。"
                    },
                    {
                        "core_vocabulary_word": "火星",
                        "content": "火星伙伴在夜空中发出红色的光芒。"
                    },
                    {
                        "core_vocabulary_word": "星座",
                        "content": "小星星和星星朋友们一起画出图案。"
                    },
                    {
                        "core_vocabulary_word": "家",
                        "content": "小星星开心地回到太阳妈妈身边。"
                    }
                ]
            },
            "agent": "Children's Literature Translation Specialist\n",
            "output_format": "json"
        },
        {
            "description": "Generate a single-page HTML template that combine text content, translations, and illustrations into a cohesive layout suitable for A4 paper printing. For each page:\n1. Layout Requirements:\n   - A4 page size\n   - Proper margins and spacing\n\n2. Content Integration:\n   - Illustration\n   - English text content with core vocabulary word highlighted\n   - Translated text content with core vocabulary word highlighted\n\nEnsure maintaining readability and visual appeal appropriate for age range \"1-6\".\n",
            "name": "generate_html_pages_task",
            "expected_output": "An jinja2 html template (with javascript if needed) with the following keys {{ illustration_path }}  {{ english_text }}   {{ translated_text }}   {{ english_highlight_vocabulary_word }}  {{ translated_highlight_vocabulary_word }} Directly output a complete, standalone HTML file (in string) that can be opened in any browser. The template should include all necessary HTML structure, CSS styling, and JavaScript functionality.",
            "summary": "Generate a single-page HTML template that combine text content, translations,...",
            "raw": "```html\n<!DOCTYPE html>\n<html lang=\"en\">\n<head>\n    <meta charset=\"UTF-8\">\n    <meta name=\"viewport\" content=\"width=device-width, initial-scale=1.0\">\n    <title>Children's Story Page</title>\n    <style>\n        @page {\n            size: A4;\n            margin: 0;\n        }\n        \n        body {\n            margin: 0;\n            padding: 0;\n            font-family: \"Comic Sans MS\", cursive, sans-serif;\n            background-color: #f0f9ff;\n        }\n\n        .page {\n            width: 210mm;\n            height: 297mm;\n            margin: 0 auto;\n            background: white;\n            padding: 20mm;\n            box-sizing: border-box;\n            display: flex;\n            flex-direction: column;\n            align-items: center;\n            gap: 20px;\n        }\n\n        .illustration {\n            width: 170mm;\n            height: 127.5mm;\n            object-fit: contain;\n            border-radius: 15px;\n            box-shadow: 0 4px 8px rgba(0,0,0,0.1);\n        }\n\n        .content-container {\n            width: 100%;\n            display: flex;\n            gap: 20px;\n        }\n\n        .text-section {\n            flex: 1;\n            padding: 15px;\n            background-color: rgba(255,255,255,0.9);\n            border-radius: 10px;\n            box-shadow: 0 2px 4px rgba(0,0,0,0.05);\n        }\n\n        .text-content {\n            font-size: 16px;\n            line-height: 1.6;\n            color: #333;\n            margin-bottom: 10px;\n        }\n\n        .highlight {\n            background-color: #fff3b0;\n            padding: 2px 5px;\n            border-radius: 4px;\n            font-weight: bold;\n            color: #d35400;\n        }\n\n        .english {\n            border-left: 4px solid #3498db;\n        }\n\n        .translated {\n            border-left: 4px solid #e74c3c;\n        }\n\n        @media print {\n            body {\n                background: none;\n            }\n            \n            .page {\n                box-shadow: none;\n            }\n        }\n    </style>\n</head>\n<body>\n    <div class=\"page\">\n        <img class=\"illustration\" src=\"{{ illustration_path }}\" alt=\"Story Illustration\">\n        \n        <div class=\"content-container\">\n            <div class=\"text-section english\">\n                <div class=\"text-content\">\n                    {{ english_text|replace(english_highlight_vocabulary_word, \n                        '<span class=\"highlight\">' + english_highlight_vocabulary_word + '</span>')|safe \n                    }}\n                </div>\n            </div>\n            \n            <div class=\"text-section translated\">\n                <div class=\"text-content\">\n                    {{ translated_text|replace(translated_highlight_vocabulary_word, \n                        '<span class=\"highlight\">' + translated_highlight_vocabulary_word + '</span>')|safe \n                    }}\n                </div>\n            </div>\n        </div>\n    </div>\n\n    <script>\n        document.addEventListener('DOMContentLoaded', function() {\n            // Ensure proper page scaling for print\n            if (window.matchMedia) {\n                const mediaQueryList = window.matchMedia('print');\n                mediaQueryList.addListener(function(mql) {\n                    if (mql.matches) {\n                        document.body.style.width = '210mm';\n                        document.body.style.height = '297mm';\n                    }\n                });\n            }\n        });\n    </script>\n</body>\n</html>\n```",
            "pydantic": null,
            "json_dict": null,
            "agent": "Children's Book Page Layout Designer\n",
            "output_format": "raw"
        }
    ],
    "token_usage": {
        "total_tokens": 22421,
        "prompt_tokens": 15898,
        "cached_prompt_tokens": 0,
        "completion_tokens": 6523,
        "successful_requests": 10
    }
}