{
    "raw": "```html\n<!DOCTYPE html>\n<html lang=\"en\">\n<head>\n    <meta charset=\"UTF-8\">\n    <meta name=\"viewport\" content=\"width=device-width, initial-scale=1.0\">\n    <title>Children's Book Page</title>\n    <style>\n        @page {\n            size: A4;\n            margin: 0;\n        }\n        \n        body {\n            margin: 0;\n            padding: 0;\n            width: 210mm;\n            height: 297mm;\n            background: #fff;\n            font-family: 'Comic Sans MS', cursive, sans-serif;\n        }\n\n        .page-container {\n            display: grid;\n            grid-template-rows: 60% 20% 20%;\n            height: 100%;\n            padding: 20mm;\n            box-sizing: border-box;\n        }\n\n        .illustration-container {\n            width: 100%;\n            display: flex;\n            justify-content: center;\n            align-items: center;\n            background: #f8f8f8;\n            border-radius: 15px;\n            overflow: hidden;\n            box-shadow: 0 4px 8px rgba(0,0,0,0.1);\n        }\n\n        .illustration {\n            max-width: 100%;\n            max-height: 100%;\n            object-fit: contain;\n        }\n\n        .text-container {\n            padding: 15px;\n            margin-top: 15px;\n            border-radius: 10px;\n            background: #fff;\n            box-shadow: 0 2px 4px rgba(0,0,0,0.05);\n        }\n\n        .english-text, .translated-text {\n            font-size: 16px;\n            line-height: 1.6;\n            margin: 10px 0;\n            padding: 10px;\n            border-radius: 8px;\n        }\n\n        .english-text {\n            background: #e8f4ff;\n        }\n\n        .translated-text {\n            background: #fff5e6;\n        }\n\n        .highlight {\n            background: #ffeb3b;\n            padding: 2px 5px;\n            border-radius: 4px;\n            font-weight: bold;\n            display: inline-block;\n            transform: scale(1);\n            transition: transform 0.2s;\n        }\n\n        .highlight:hover {\n            transform: scale(1.1);\n        }\n\n        @media print {\n            body {\n                -webkit-print-color-adjust: exact;\n                print-color-adjust: exact;\n            }\n        }\n    </style>\n</head>\n<body>\n    <div class=\"page-container\">\n        <div class=\"illustration-container\">\n            <img class=\"illustration\" src=\"{{ illustration_path }}\" alt=\"Story Illustration\">\n        </div>\n        \n        <div class=\"text-container english-text\">\n            {{ english_text|replace(english_highlight_vocabulary_word, '<span class=\"highlight\">' + english_highlight_vocabulary_word + '</span>')|safe }}\n        </div>\n        \n        <div class=\"text-container translated-text\">\n            {{ translated_text|replace(translated_highlight_vocabulary_word, '<span class=\"highlight\">' + translated_highlight_vocabulary_word + '</span>')|safe }}\n        </div>\n    </div>\n\n    <script>\n        document.addEventListener('DOMContentLoaded', function() {\n            // Case-insensitive highlighting\n            function highlightWords() {\n                const englishWord = '{{ english_highlight_vocabulary_word }}';\n                const translatedWord = '{{ translated_highlight_vocabulary_word }}';\n                \n                const englishText = document.querySelector('.english-text');\n                const translatedText = document.querySelector('.translated-text');\n                \n                const englishRegex = new RegExp(englishWord, 'gi');\n                const translatedRegex = new RegExp(translatedWord, 'gi');\n                \n                englishText.innerHTML = englishText.innerHTML.replace(englishRegex, \n                    match => `<span class=\"highlight\">${match}</span>`);\n                translatedText.innerHTML = translatedText.innerHTML.replace(translatedRegex, \n                    match => `<span class=\"highlight\">${match}</span>`);\n            }\n            \n            highlightWords();\n        });\n    </script>\n</body>\n</html>\n```",
    "pydantic": null,
    "json_dict": null,
    "tasks_output": [
        {
            "description": "Based on the user input \"Journey to the Center of the Earth, focusing on the science of the Earth's inner structure\" and target age group \"1-6\", research the latest topics and themes. Use Wikipedia and other sources to gather background information and educational elements. Use simple language to explain hard concepts for children. Establish a final theme for a picture book, then determine the key educational elements.\n",
            "name": "research_story_theme_task",
            "expected_output": "Final theme for a picture book, key educational elements. Must follow user's input \"Journey to the Center of the Earth, focusing on the science of the Earth's inner structure\".\n",
            "summary": "Based on the user input \"Journey to the Center of...",
            "raw": "{\n  \"theme\": \"Mole's Amazing Underground Adventure: A Journey Through Earth's Layers\",\n  \"educational_elements\": [\n    \"Earth has different layers like an onion or a hard-boiled egg\",\n    \"The ground we walk on is called the crust - it's like Earth's shell\",\n    \"Under the ground is a hot layer called the mantle - it's like warm pudding\",\n    \"Deep inside Earth is the core - it's like a giant metal ball\",\n    \"Some parts of Earth are very hot inside\",\n    \"Rocks can be different colors and types\",\n    \"Underground has different temperatures (warm/cool)\",\n    \"Simple direction concepts (up/down, deep/shallow)\",\n    \"Basic geology vocabulary (rock, soil, crystal)\",\n    \"Different animals that live underground (moles, worms)\",\n    \"Size comparison concepts (big/small, thick/thin)\",\n    \"Basic safety awareness about holes and digging\",\n    \"Introduction to basic scientific observation\",\n    \"Earth as our home that needs protection\",\n    \"Simple cause and effect relationships in nature\"\n  ]\n}",
            "pydantic": null,
            "json_dict": {
                "theme": "Mole's Amazing Underground Adventure: A Journey Through Earth's Layers",
                "educational_elements": [
                    "Earth has different layers like an onion or a hard-boiled egg",
                    "The ground we walk on is called the crust - it's like Earth's shell",
                    "Under the ground is a hot layer called the mantle - it's like warm pudding",
                    "Deep inside Earth is the core - it's like a giant metal ball",
                    "Some parts of Earth are very hot inside",
                    "Rocks can be different colors and types",
                    "Underground has different temperatures (warm/cool)",
                    "Simple direction concepts (up/down, deep/shallow)",
                    "Basic geology vocabulary (rock, soil, crystal)",
                    "Different animals that live underground (moles, worms)",
                    "Size comparison concepts (big/small, thick/thin)",
                    "Basic safety awareness about holes and digging",
                    "Introduction to basic scientific observation",
                    "Earth as our home that needs protection",
                    "Simple cause and effect relationships in nature"
                ]
            },
            "agent": "Expert Educational Content Researcher\n",
            "output_format": "json"
        },
        {
            "description": "Create a detailed story outline based on the research findings and user requirements \"Journey to the Center of the Earth, focusing on the science of the Earth's inner structure\". Plan the narrative structure for a picture book appropriate for age \"1-6\", including character development, plot points, and page-by-page story progression. Ensure the story length and complexity align with the target age group's attention span and comprehension level.\nNote: One page consists of a core vocabulary word, one simple English sentence, and its translation. (one-to-one)\n",
            "name": "develop_story_outline_task",
            "expected_output": "Title of the book, character descriptions, plot points, core vocabulary words, and educational elements.\n",
            "summary": "Create a detailed story outline based on the research findings...",
            "raw": "{\n  \"title\": \"Mole's Amazing Underground Adventure: A Journey Through Earth's Layers\",\n  \"character_descriptions\": [\n    \"Max the Mole: A friendly, curious young mole who loves to explore and learn about his underground home\",\n    \"Wiggles the Worm: Max's helpful friend who knows all about living in the soil\",\n    \"Crystal the Cricket: A wise guide who teaches Max about different rocks and crystals\"\n  ],\n  \"pages\": [\n    {\n      \"core_vocabulary\": \"home\",\n      \"plot_point\": \"Max the Mole lives in a cozy tunnel under the ground.\",\n      \"educational_elements\": \"Introduction to underground habitats and animal homes\"\n    },\n    {\n      \"core_vocabulary\": \"dig\",\n      \"plot_point\": \"One day, Max decides to dig deeper than ever before.\",\n      \"educational_elements\": \"Basic action words and safety awareness about digging\"\n    },\n    {\n      \"core_vocabulary\": \"soil\",\n      \"plot_point\": \"Max meets Wiggles the Worm in the dark brown soil.\",\n      \"educational_elements\": \"Introduction to soil as part of Earth's crust\"\n    },\n    {\n      \"core_vocabulary\": \"rocks\",\n      \"plot_point\": \"They find colorful rocks in many shapes and sizes.\",\n      \"educational_elements\": \"Different types and colors of rocks\"\n    },\n    {\n      \"core_vocabulary\": \"deep\",\n      \"plot_point\": \"Max and Wiggles dig deeper into the Earth.\",\n      \"educational_elements\": \"Spatial concepts (deep/shallow)\"\n    },\n    {\n      \"core_vocabulary\": \"warm\",\n      \"plot_point\": \"The ground starts feeling warmer as they go down.\",\n      \"educational_elements\": \"Temperature changes within Earth's layers\"\n    },\n    {\n      \"core_vocabulary\": \"crystal\",\n      \"plot_point\": \"Crystal the Cricket shows them sparkling crystals.\",\n      \"educational_elements\": \"Introduction to crystal formations\"\n    },\n    {\n      \"core_vocabulary\": \"mantle\",\n      \"plot_point\": \"They learn about the warm mantle layer below.\",\n      \"educational_elements\": \"Simple explanation of Earth's mantle\"\n    },\n    {\n      \"core_vocabulary\": \"core\",\n      \"plot_point\": \"Crystal tells them about the hot core deep below.\",\n      \"educational_elements\": \"Basic understanding of Earth's core\"\n    },\n    {\n      \"core_vocabulary\": \"up\",\n      \"plot_point\": \"Max and Wiggles climb back up to their homes.\",\n      \"educational_elements\": \"Directional concepts (up/down)\"\n    },\n    {\n      \"core_vocabulary\": \"layers\",\n      \"plot_point\": \"Max learns Earth has layers like his favorite onion.\",\n      \"educational_elements\": \"Earth's layer structure comparison to familiar objects\"\n    },\n    {\n      \"core_vocabulary\": \"protect\",\n      \"plot_point\": \"Max promises to help protect his underground home.\",\n      \"educational_elements\": \"Environmental awareness and responsibility\"\n    }\n  ]\n}",
            "pydantic": null,
            "json_dict": {
                "title": "Mole's Amazing Underground Adventure: A Journey Through Earth's Layers",
                "character_descriptions": [
                    "Max the Mole: A friendly, curious young mole who loves to explore and learn about his underground home",
                    "Wiggles the Worm: Max's helpful friend who knows all about living in the soil",
                    "Crystal the Cricket: A wise guide who teaches Max about different rocks and crystals"
                ],
                "pages": [
                    {
                        "core_vocabulary": "home",
                        "plot_point": "Max the Mole lives in a cozy tunnel under the ground.",
                        "educational_elements": "Introduction to underground habitats and animal homes"
                    },
                    {
                        "core_vocabulary": "dig",
                        "plot_point": "One day, Max decides to dig deeper than ever before.",
                        "educational_elements": "Basic action words and safety awareness about digging"
                    },
                    {
                        "core_vocabulary": "soil",
                        "plot_point": "Max meets Wiggles the Worm in the dark brown soil.",
                        "educational_elements": "Introduction to soil as part of Earth's crust"
                    },
                    {
                        "core_vocabulary": "rocks",
                        "plot_point": "They find colorful rocks in many shapes and sizes.",
                        "educational_elements": "Different types and colors of rocks"
                    },
                    {
                        "core_vocabulary": "deep",
                        "plot_point": "Max and Wiggles dig deeper into the Earth.",
                        "educational_elements": "Spatial concepts (deep/shallow)"
                    },
                    {
                        "core_vocabulary": "warm",
                        "plot_point": "The ground starts feeling warmer as they go down.",
                        "educational_elements": "Temperature changes within Earth's layers"
                    },
                    {
                        "core_vocabulary": "crystal",
                        "plot_point": "Crystal the Cricket shows them sparkling crystals.",
                        "educational_elements": "Introduction to crystal formations"
                    },
                    {
                        "core_vocabulary": "mantle",
                        "plot_point": "They learn about the warm mantle layer below.",
                        "educational_elements": "Simple explanation of Earth's mantle"
                    },
                    {
                        "core_vocabulary": "core",
                        "plot_point": "Crystal tells them about the hot core deep below.",
                        "educational_elements": "Basic understanding of Earth's core"
                    },
                    {
                        "core_vocabulary": "up",
                        "plot_point": "Max and Wiggles climb back up to their homes.",
                        "educational_elements": "Directional concepts (up/down)"
                    },
                    {
                        "core_vocabulary": "layers",
                        "plot_point": "Max learns Earth has layers like his favorite onion.",
                        "educational_elements": "Earth's layer structure comparison to familiar objects"
                    },
                    {
                        "core_vocabulary": "protect",
                        "plot_point": "Max promises to help protect his underground home.",
                        "educational_elements": "Environmental awareness and responsibility"
                    }
                ]
            },
            "agent": "Senior Children's Story Development Strategist\n",
            "output_format": "json"
        },
        {
            "description": "Transform the approved story outline into engaging, age-appropriate prose for each page. Ensure vocabulary and sentence structure are suitable for \"1-6\", while maintaining narrative flow and entertainment value. Each page's content should be balanced in length and complexity.\nNote: One page consists of a core vocabulary word, one simple English sentence, and its translation. (one-to-one)\n",
            "name": "write_story_content_task",
            "expected_output": "A list of story text (each must contain its core vocabulary word) and core vocabulary word broken down by pages, with age-appropriate language, engaging narrative, and consistent pacing throughout the book.\n",
            "summary": "Transform the approved story outline into engaging, age-appropriate prose for...",
            "raw": "{\n  \"pages\": [\n    {\n      \"core_vocabulary_word\": \"home\",\n      \"content\": \"Max the Mole has a cozy home deep in the ground.\"\n    },\n    {\n      \"core_vocabulary_word\": \"dig\",\n      \"content\": \"Max loves to dig tunnels with his strong paws.\"\n    },\n    {\n      \"core_vocabulary_word\": \"soil\",\n      \"content\": \"In the dark brown soil, Max meets his friend Wiggles the Worm.\"\n    },\n    {\n      \"core_vocabulary_word\": \"rocks\",\n      \"content\": \"Max and Wiggles find pretty rocks of all colors.\"\n    },\n    {\n      \"core_vocabulary_word\": \"deep\",\n      \"content\": \"The friends go deep into the Earth together.\"\n    },\n    {\n      \"core_vocabulary_word\": \"warm\",\n      \"content\": \"The ground feels warm as they dig down.\"\n    },\n    {\n      \"core_vocabulary_word\": \"crystal\",\n      \"content\": \"Crystal the Cricket shows them shiny crystal gems.\"\n    },\n    {\n      \"core_vocabulary_word\": \"mantle\",\n      \"content\": \"The mantle is a hot layer under their feet.\"\n    },\n    {\n      \"core_vocabulary_word\": \"core\",\n      \"content\": \"The Earth's core is very hot and far below.\"\n    },\n    {\n      \"core_vocabulary_word\": \"up\",\n      \"content\": \"Max and Wiggles climb up to the surface.\"\n    },\n    {\n      \"core_vocabulary_word\": \"layers\",\n      \"content\": \"The Earth has layers just like Max's favorite onion.\"\n    },\n    {\n      \"core_vocabulary_word\": \"protect\",\n      \"content\": \"Max wants to protect his underground world.\"\n    }\n  ]\n}",
            "pydantic": null,
            "json_dict": {
                "pages": [
                    {
                        "core_vocabulary_word": "home",
                        "content": "Max the Mole has a cozy home deep in the ground."
                    },
                    {
                        "core_vocabulary_word": "dig",
                        "content": "Max loves to dig tunnels with his strong paws."
                    },
                    {
                        "core_vocabulary_word": "soil",
                        "content": "In the dark brown soil, Max meets his friend Wiggles the Worm."
                    },
                    {
                        "core_vocabulary_word": "rocks",
                        "content": "Max and Wiggles find pretty rocks of all colors."
                    },
                    {
                        "core_vocabulary_word": "deep",
                        "content": "The friends go deep into the Earth together."
                    },
                    {
                        "core_vocabulary_word": "warm",
                        "content": "The ground feels warm as they dig down."
                    },
                    {
                        "core_vocabulary_word": "crystal",
                        "content": "Crystal the Cricket shows them shiny crystal gems."
                    },
                    {
                        "core_vocabulary_word": "mantle",
                        "content": "The mantle is a hot layer under their feet."
                    },
                    {
                        "core_vocabulary_word": "core",
                        "content": "The Earth's core is very hot and far below."
                    },
                    {
                        "core_vocabulary_word": "up",
                        "content": "Max and Wiggles climb up to the surface."
                    },
                    {
                        "core_vocabulary_word": "layers",
                        "content": "The Earth has layers just like Max's favorite onion."
                    },
                    {
                        "core_vocabulary_word": "protect",
                        "content": "Max wants to protect his underground world."
                    }
                ]
            },
            "agent": "Versatile Children's Content Creator\n",
            "output_format": "json"
        },
        {
            "description": "Develop comprehensive visual style guidelines for the book's illustrations based on the content and target age group \"1-6\". Create detailed image generation prompts for each page that maintain consistency in character design, color palette, and overall artistic direction.\n",
            "name": "design_art_direction_task",
            "expected_output": "Character design specifications, color palette, visual style guidelines.\n",
            "summary": "Develop comprehensive visual style guidelines for the book's illustrations based...",
            "raw": "{\n  \"art_direction\": \"CHARACTER DESIGN SPECIFICATIONS:\n\n1. Max the Mole\n- Round, soft body shape with plump features\n- Large, friendly eyes with long eyelashes\n- Tiny pink nose and small whiskers\n- Oversized, cartoonish digging paws\n- Velvety brown fur with lighter belly\n- Gentle, welcoming smile\n- Size reference: About 3x larger than Wiggles\n\n2. Wiggles the Worm\n- Segmented body with smooth curves\n- Simple face with dot eyes and small smile\n- Pink/rosy coloring with subtle texture\n- Slightly shiny surface to suggest moisture\n- Expressive body poses\n- Size reference: Palm-sized\n\n3. Crystal the Cricket\n- Iridescent wings with subtle sparkle effect\n- Antenna with small crystals at tips\n- Emerald green body\n- Large, compound eyes in golden tones\n- Delicate legs with crystalline accents\n\nCOLOR PALETTE:\nPrimary Colors:\n- Earth Brown: #8B4513 (main soil color)\n- Warm Terracotta: #E2725B (underground warmth)\n- Cool Gray: #708090 (rocks)\n- Forest Green: #228B22 (surface vegetation)\n\nAccent Colors:\n- Crystal Blue: #87CEEB (gems/crystals)\n- Magma Red: #FF4500 (core/mantle)\n- Golden Yellow: #FFD700 (warm lighting)\n- Soft Pink: #FFB6C1 (character accents)\n\nVISUAL STYLE GUIDELINES:\n\n1. Overall Style:\n- Soft, rounded shapes\n- No sharp edges or harsh angles\n- Gentle gradients instead of hard shadows\n- Simple but layered compositions\n- Slightly textured backgrounds\n- Minimal detail in background elements\n\n2. Environment Design:\n- Cross-section views of underground scenes\n- Clear layer distinction in Earth's structure\n- Subtle texture patterns for different soil types\n- Gentle lighting effects for underground glow\n- Simplified geological features\n\n3. Page Layout:\n- Large central illustrations\n- Clear focal points\n- Minimal background clutter\n- Text placement in consistent locations\n- White space for visual breathing room\n\n4. Special Effects:\n- Soft glow around crystals\n- Gentle heat waves near core/mantle\n- Subtle sparkles for gems\n- Dirt particle effects for digging scenes\n\nCONSISTENCY REQUIREMENTS:\n- Maintain character scale ratios throughout\n- Use consistent lighting direction\n- Keep character expressions friendly\n- Ensure readable depth perception\n- Use color palette systematically\n\nAGE-APPROPRIATE CONSIDERATIONS:\n- Round, friendly shapes\n- Bright, cheerful colors\n- Clear visual hierarchy\n- Simple backgrounds\n- Engaging but not overwhelming detail\n- No scary or dark elements\n- Expressive character faces\n\nTECHNICAL SPECIFICATIONS:\n- Resolution: 300 DPI minimum\n- Format: CMYK color space\n- Safe zone: 0.25\\\" from trim\n- Bleed: 0.125\\\" when required\n- File format: Layered PSD/AI files\"\n}",
            "pydantic": null,
            "json_dict": {
                "art_direction": "CHARACTER DESIGN SPECIFICATIONS:\n\n1. Max the Mole\n- Round, soft body shape with plump features\n- Large, friendly eyes with long eyelashes\n- Tiny pink nose and small whiskers\n- Oversized, cartoonish digging paws\n- Velvety brown fur with lighter belly\n- Gentle, welcoming smile\n- Size reference: About 3x larger than Wiggles\n\n2. Wiggles the Worm\n- Segmented body with smooth curves\n- Simple face with dot eyes and small smile\n- Pink/rosy coloring with subtle texture\n- Slightly shiny surface to suggest moisture\n- Expressive body poses\n- Size reference: Palm-sized\n\n3. Crystal the Cricket\n- Iridescent wings with subtle sparkle effect\n- Antenna with small crystals at tips\n- Emerald green body\n- Large, compound eyes in golden tones\n- Delicate legs with crystalline accents\n\nCOLOR PALETTE:\nPrimary Colors:\n- Earth Brown: #8B4513 (main soil color)\n- Warm Terracotta: #E2725B (underground warmth)\n- Cool Gray: #708090 (rocks)\n- Forest Green: #228B22 (surface vegetation)\n\nAccent Colors:\n- Crystal Blue: #87CEEB (gems/crystals)\n- Magma Red: #FF4500 (core/mantle)\n- Golden Yellow: #FFD700 (warm lighting)\n- Soft Pink: #FFB6C1 (character accents)\n\nVISUAL STYLE GUIDELINES:\n\n1. Overall Style:\n- Soft, rounded shapes\n- No sharp edges or harsh angles\n- Gentle gradients instead of hard shadows\n- Simple but layered compositions\n- Slightly textured backgrounds\n- Minimal detail in background elements\n\n2. Environment Design:\n- Cross-section views of underground scenes\n- Clear layer distinction in Earth's structure\n- Subtle texture patterns for different soil types\n- Gentle lighting effects for underground glow\n- Simplified geological features\n\n3. Page Layout:\n- Large central illustrations\n- Clear focal points\n- Minimal background clutter\n- Text placement in consistent locations\n- White space for visual breathing room\n\n4. Special Effects:\n- Soft glow around crystals\n- Gentle heat waves near core/mantle\n- Subtle sparkles for gems\n- Dirt particle effects for digging scenes\n\nCONSISTENCY REQUIREMENTS:\n- Maintain character scale ratios throughout\n- Use consistent lighting direction\n- Keep character expressions friendly\n- Ensure readable depth perception\n- Use color palette systematically\n\nAGE-APPROPRIATE CONSIDERATIONS:\n- Round, friendly shapes\n- Bright, cheerful colors\n- Clear visual hierarchy\n- Simple backgrounds\n- Engaging but not overwhelming detail\n- No scary or dark elements\n- Expressive character faces\n\nTECHNICAL SPECIFICATIONS:\n- Resolution: 300 DPI minimum\n- Format: CMYK color space\n- Safe zone: 0.25\" from trim\n- Bleed: 0.125\" when required\n- File format: Layered PSD/AI files"
            },
            "agent": "Children's Book Art Director\n",
            "output_format": "json"
        },
        {
            "description": "Using AI image generation tools, create illustrations for each page following the art direction guidelines and content. Generate multiple variations for each scene to ensure the best possible visual representation. Ensure illustrations are engaging and appropriate for \"1-6\".\nNote: One illustration for one page (one-to-one)\n",
            "name": "create_illustrations_task",
            "expected_output": "High-quality AI illustration prompts (e.g. for Midjourney) for each page that align with the art direction, content, and age-appropriate visual complexity.\n",
            "summary": "Using AI image generation tools, create illustrations for each page...",
            "raw": "{\n  \"illustration_prompts\": [\n    \"cute friendly cartoon mole character with round soft body, large friendly eyes, tiny pink nose, velvety brown fur, lighter belly, gentle smile, oversized cartoonish digging paws, in a cozy underground tunnel home with soft warm lighting and simple root decorations, children's book style illustration with soft colors, cross-section view\",\n    \"cheerful cartoon mole character actively digging with oversized paws, showing excitement and determination, soft rounded shapes, gentle dirt particles flying, warm earth tones, simple background with tunnel progress, children's book style, soft lighting\",\n    \"friendly cartoon mole meeting a pink segmented worm character with dot eyes and small smile in rich brown soil, cross-section view showing soil texture, gentle lighting, simple root details, children's book style with warm colors\",\n    \"happy cartoon mole and pink worm discovering colorful rocks in various shapes and sizes, sparkly gems, cool grays and earth tones, soft lighting effects, simple tunnel background, children's book style illustration\",\n    \"cartoon mole and worm friends climbing down deeper into earth layers, cross-section view showing different soil colors and textures, warm lighting gradient getting stronger below, children's book style with clear depth perception\",\n    \"cartoon mole and worm noticing warm orange glow from below, gentle heat wave effects, cross-section view of earth layers, warm color palette with terracotta tones, children's book style with soft shapes\",\n    \"emerald green cricket with crystal-tipped antennae showing sparkling gems to amazed cartoon mole and worm, iridescent wings, soft crystal glow effects, underground cave setting, children's book style\",\n    \"cartoon characters looking down at glowing orange-red mantle layer, safe distance cross-section view, warm color gradient, simple geological features, children's book style with gentle lighting\",\n    \"wise cricket explaining to attentive mole and worm about the earth's core, cross-section diagram view with glowing red core in distance, safe and friendly appearance, children's book style\",\n    \"happy cartoon mole and worm climbing upward through tunnel layers, showing progress toward surface, cross-section view with lighter colors above, children's book style with clear directional movement\",\n    \"cartoon mole holding an onion while cricket explains earth's layers, simple cross-section diagram comparing onion to earth layers, warm friendly colors, educational style illustration\",\n    \"proud cartoon mole with determined expression promising to protect underground home, surrounded by friendly worm and cricket, beautiful crystal and rock decorations, warm lighting, children's book style\"\n  ]\n}",
            "pydantic": null,
            "json_dict": {
                "illustration_prompts": [
                    "cute friendly cartoon mole character with round soft body, large friendly eyes, tiny pink nose, velvety brown fur, lighter belly, gentle smile, oversized cartoonish digging paws, in a cozy underground tunnel home with soft warm lighting and simple root decorations, children's book style illustration with soft colors, cross-section view",
                    "cheerful cartoon mole character actively digging with oversized paws, showing excitement and determination, soft rounded shapes, gentle dirt particles flying, warm earth tones, simple background with tunnel progress, children's book style, soft lighting",
                    "friendly cartoon mole meeting a pink segmented worm character with dot eyes and small smile in rich brown soil, cross-section view showing soil texture, gentle lighting, simple root details, children's book style with warm colors",
                    "happy cartoon mole and pink worm discovering colorful rocks in various shapes and sizes, sparkly gems, cool grays and earth tones, soft lighting effects, simple tunnel background, children's book style illustration",
                    "cartoon mole and worm friends climbing down deeper into earth layers, cross-section view showing different soil colors and textures, warm lighting gradient getting stronger below, children's book style with clear depth perception",
                    "cartoon mole and worm noticing warm orange glow from below, gentle heat wave effects, cross-section view of earth layers, warm color palette with terracotta tones, children's book style with soft shapes",
                    "emerald green cricket with crystal-tipped antennae showing sparkling gems to amazed cartoon mole and worm, iridescent wings, soft crystal glow effects, underground cave setting, children's book style",
                    "cartoon characters looking down at glowing orange-red mantle layer, safe distance cross-section view, warm color gradient, simple geological features, children's book style with gentle lighting",
                    "wise cricket explaining to attentive mole and worm about the earth's core, cross-section diagram view with glowing red core in distance, safe and friendly appearance, children's book style",
                    "happy cartoon mole and worm climbing upward through tunnel layers, showing progress toward surface, cross-section view with lighter colors above, children's book style with clear directional movement",
                    "cartoon mole holding an onion while cricket explains earth's layers, simple cross-section diagram comparing onion to earth layers, warm friendly colors, educational style illustration",
                    "proud cartoon mole with determined expression promising to protect underground home, surrounded by friendly worm and cricket, beautiful crystal and rock decorations, warm lighting, children's book style"
                ]
            },
            "agent": "Children's Book AI Illustrator\n",
            "output_format": "json"
        },
        {
            "description": "Generate actual illustrations using AI image generation tools based on the prompts created. Ensure all images are generated at a consistent resolution of 1280x720 pixels or lower to maintain quality while optimizing file size. Save each generated image and track the file paths.\nNote: One illustration for one page (one-to-one)\n",
            "name": "generate_illustrations_task",
            "expected_output": "List of file paths to the generated illustrations, with each path corresponding to a specific page in sequential order. Also output the image size.\n",
            "summary": "Generate actual illustrations using AI image generation tools based on...",
            "raw": "{\n  \"image_size\": \"1280x720\",\n  \"illustration_paths\": [\n    \"https://fal.media/files/kangaroo/_PJEn5tFBc9U9ulf-tHYV.png\",\n    \"https://fal.media/files/zebra/_NjACyLR53axDbKfpRMNH.png\",\n    \"https://fal.media/files/panda/-Gtts36T9is2xxoTCIPtA.png\",\n    \"https://fal.media/files/zebra/NFjVxetsO8__-2KoGs4dB.png\",\n    \"https://fal.media/files/monkey/dwTQ4_Z8Jft2NgLdXAgAu.png\",\n    \"https://fal.media/files/penguin/VYenVwPu0KkROoNkHOcrC.png\",\n    \"https://fal.media/files/rabbit/v5oW7uNj-PMbFAJcuoy1L.png\",\n    \"https://fal.media/files/monkey/U-QSDiH6CRXWixJiBtOl3.png\",\n    \"https://fal.media/files/tiger/XQLCg5KNzyHwf66jkA0fJ.png\",\n    \"https://fal.media/files/zebra/nD1gGEZvUFS6MCNFFIOMh.png\",\n    \"https://fal.media/files/koala/ld954mn8jSDUJGs2e8Dex.png\",\n    \"https://fal.media/files/penguin/BN1SV8mTlSgFSK8fxOir3.png\"\n  ]\n}",
            "pydantic": null,
            "json_dict": {
                "image_size": "1280x720",
                "illustration_paths": [
                    "https://fal.media/files/kangaroo/_PJEn5tFBc9U9ulf-tHYV.png",
                    "https://fal.media/files/zebra/_NjACyLR53axDbKfpRMNH.png",
                    "https://fal.media/files/panda/-Gtts36T9is2xxoTCIPtA.png",
                    "https://fal.media/files/zebra/NFjVxetsO8__-2KoGs4dB.png",
                    "https://fal.media/files/monkey/dwTQ4_Z8Jft2NgLdXAgAu.png",
                    "https://fal.media/files/penguin/VYenVwPu0KkROoNkHOcrC.png",
                    "https://fal.media/files/rabbit/v5oW7uNj-PMbFAJcuoy1L.png",
                    "https://fal.media/files/monkey/U-QSDiH6CRXWixJiBtOl3.png",
                    "https://fal.media/files/tiger/XQLCg5KNzyHwf66jkA0fJ.png",
                    "https://fal.media/files/zebra/nD1gGEZvUFS6MCNFFIOMh.png",
                    "https://fal.media/files/koala/ld954mn8jSDUJGs2e8Dex.png",
                    "https://fal.media/files/penguin/BN1SV8mTlSgFSK8fxOir3.png"
                ]
            },
            "agent": "Children's Book AI Illustrator\n",
            "output_format": "json"
        },
        {
            "description": "Translate the approved text into the target language \"Chinese\", maintaining the story's charm, cultural nuances, and age-appropriate tone. Ensure the translation fits well with the illustrations and maintains proper pacing for each page.\nEach page consists of a core vocabulary word,one illustration, one simple English sentence, and its translation.\n",
            "name": "translate_content_task",
            "expected_output": "A list of complete translated text (each must still contain its core vocabulary word) & core vocabulary word for each page in \"Chinese\", preserving the original story's engagement level and educational value while being culturally appropriate.\n",
            "summary": "Translate the approved text into the target language \"Chinese\", maintaining...",
            "raw": "{\n  \"pages\": [\n    {\n      \"core_vocabulary_word\": \"家\",\n      \"content\": \"小鼹鼠麦克斯在地底深处有一个温暖的家。\"\n    },\n    {\n      \"core_vocabulary_word\": \"挖\",\n      \"content\": \"麦克斯用他强壮的爪子喜欢挖隧道。\"\n    },\n    {\n      \"core_vocabulary_word\": \"土壤\",\n      \"content\": \"在深褐色的土壤里，麦克斯遇见了他的朋友小蚯蚓维格斯。\"\n    },\n    {\n      \"core_vocabulary_word\": \"石头\",\n      \"content\": \"麦克斯和维格斯发现了各种颜色的漂亮石头。\"\n    },\n    {\n      \"core_vocabulary_word\": \"深处\",\n      \"content\": \"两个好朋友一起往地球深处探险。\"\n    },\n    {\n      \"core_vocabulary_word\": \"温暖\",\n      \"content\": \"他们往下挖的时候，地面感觉很温暖。\"\n    },\n    {\n      \"core_vocabulary_word\": \"水晶\",\n      \"content\": \"水晶蟋蟀给他们展示闪亮的水晶宝石。\"\n    },\n    {\n      \"core_vocabulary_word\": \"地幔\",\n      \"content\": \"地幔是他们脚下的一层炽热的岩层。\"\n    },\n    {\n      \"core_vocabulary_word\": \"地核\",\n      \"content\": \"地球的地核在很深很深的地方，非常炽热。\"\n    },\n    {\n      \"core_vocabulary_word\": \"向上\",\n      \"content\": \"麦克斯和维格斯向上爬回地面。\"\n    },\n    {\n      \"core_vocabulary_word\": \"层\",\n      \"content\": \"地球像麦克斯最喜欢的洋葱一样有很多层。\"\n    },\n    {\n      \"core_vocabulary_word\": \"保护\",\n      \"content\": \"麦克斯想要保护他的地下世界。\"\n    }\n  ]\n}",
            "pydantic": null,
            "json_dict": {
                "pages": [
                    {
                        "core_vocabulary_word": "家",
                        "content": "小鼹鼠麦克斯在地底深处有一个温暖的家。"
                    },
                    {
                        "core_vocabulary_word": "挖",
                        "content": "麦克斯用他强壮的爪子喜欢挖隧道。"
                    },
                    {
                        "core_vocabulary_word": "土壤",
                        "content": "在深褐色的土壤里，麦克斯遇见了他的朋友小蚯蚓维格斯。"
                    },
                    {
                        "core_vocabulary_word": "石头",
                        "content": "麦克斯和维格斯发现了各种颜色的漂亮石头。"
                    },
                    {
                        "core_vocabulary_word": "深处",
                        "content": "两个好朋友一起往地球深处探险。"
                    },
                    {
                        "core_vocabulary_word": "温暖",
                        "content": "他们往下挖的时候，地面感觉很温暖。"
                    },
                    {
                        "core_vocabulary_word": "水晶",
                        "content": "水晶蟋蟀给他们展示闪亮的水晶宝石。"
                    },
                    {
                        "core_vocabulary_word": "地幔",
                        "content": "地幔是他们脚下的一层炽热的岩层。"
                    },
                    {
                        "core_vocabulary_word": "地核",
                        "content": "地球的地核在很深很深的地方，非常炽热。"
                    },
                    {
                        "core_vocabulary_word": "向上",
                        "content": "麦克斯和维格斯向上爬回地面。"
                    },
                    {
                        "core_vocabulary_word": "层",
                        "content": "地球像麦克斯最喜欢的洋葱一样有很多层。"
                    },
                    {
                        "core_vocabulary_word": "保护",
                        "content": "麦克斯想要保护他的地下世界。"
                    }
                ]
            },
            "agent": "Children's Literature Translation Specialist\n",
            "output_format": "json"
        },
        {
            "description": "Generate a single-page HTML template that combine text content, translations, and illustrations into a cohesive layout suitable for A4 paper printing. For each page:\n1. Layout Requirements:\n   - A4 page size\n   - Proper margins and spacing\n\n2. Content Integration:\n   - Illustration\n   - English text content with core vocabulary word highlighted (case-insensitive)\n   - Translated text content with core vocabulary word highlighted (case-insensitive)\n\nEnsure professional publication-quality aesthetics with: - Balanced typography and visual hierarchy - Consistent spacing and alignment - Polished visual presentation - Age-appropriate design elements and decorations for \"1-6\" - Professional typesetting and layout\n",
            "name": "generate_html_pages_task",
            "expected_output": "An jinja2 html template (with javascript if needed) with the following keys {{ illustration_path }}  {{ english_text }}   {{ translated_text }}   {{ english_highlight_vocabulary_word }}  {{ translated_highlight_vocabulary_word }} Directly output a complete, standalone HTML file (in string) that can be opened in any browser. The template should include all necessary HTML structure, CSS styling, and JavaScript functionality.",
            "summary": "Generate a single-page HTML template that combine text content, translations,...",
            "raw": "```html\n<!DOCTYPE html>\n<html lang=\"en\">\n<head>\n    <meta charset=\"UTF-8\">\n    <meta name=\"viewport\" content=\"width=device-width, initial-scale=1.0\">\n    <title>Children's Book Page</title>\n    <style>\n        @page {\n            size: A4;\n            margin: 0;\n        }\n        \n        body {\n            margin: 0;\n            padding: 0;\n            width: 210mm;\n            height: 297mm;\n            background: #fff;\n            font-family: 'Comic Sans MS', cursive, sans-serif;\n        }\n\n        .page-container {\n            display: grid;\n            grid-template-rows: 60% 20% 20%;\n            height: 100%;\n            padding: 20mm;\n            box-sizing: border-box;\n        }\n\n        .illustration-container {\n            width: 100%;\n            display: flex;\n            justify-content: center;\n            align-items: center;\n            background: #f8f8f8;\n            border-radius: 15px;\n            overflow: hidden;\n            box-shadow: 0 4px 8px rgba(0,0,0,0.1);\n        }\n\n        .illustration {\n            max-width: 100%;\n            max-height: 100%;\n            object-fit: contain;\n        }\n\n        .text-container {\n            padding: 15px;\n            margin-top: 15px;\n            border-radius: 10px;\n            background: #fff;\n            box-shadow: 0 2px 4px rgba(0,0,0,0.05);\n        }\n\n        .english-text, .translated-text {\n            font-size: 16px;\n            line-height: 1.6;\n            margin: 10px 0;\n            padding: 10px;\n            border-radius: 8px;\n        }\n\n        .english-text {\n            background: #e8f4ff;\n        }\n\n        .translated-text {\n            background: #fff5e6;\n        }\n\n        .highlight {\n            background: #ffeb3b;\n            padding: 2px 5px;\n            border-radius: 4px;\n            font-weight: bold;\n            display: inline-block;\n            transform: scale(1);\n            transition: transform 0.2s;\n        }\n\n        .highlight:hover {\n            transform: scale(1.1);\n        }\n\n        @media print {\n            body {\n                -webkit-print-color-adjust: exact;\n                print-color-adjust: exact;\n            }\n        }\n    </style>\n</head>\n<body>\n    <div class=\"page-container\">\n        <div class=\"illustration-container\">\n            <img class=\"illustration\" src=\"{{ illustration_path }}\" alt=\"Story Illustration\">\n        </div>\n        \n        <div class=\"text-container english-text\">\n            {{ english_text|replace(english_highlight_vocabulary_word, '<span class=\"highlight\">' + english_highlight_vocabulary_word + '</span>')|safe }}\n        </div>\n        \n        <div class=\"text-container translated-text\">\n            {{ translated_text|replace(translated_highlight_vocabulary_word, '<span class=\"highlight\">' + translated_highlight_vocabulary_word + '</span>')|safe }}\n        </div>\n    </div>\n\n    <script>\n        document.addEventListener('DOMContentLoaded', function() {\n            // Case-insensitive highlighting\n            function highlightWords() {\n                const englishWord = '{{ english_highlight_vocabulary_word }}';\n                const translatedWord = '{{ translated_highlight_vocabulary_word }}';\n                \n                const englishText = document.querySelector('.english-text');\n                const translatedText = document.querySelector('.translated-text');\n                \n                const englishRegex = new RegExp(englishWord, 'gi');\n                const translatedRegex = new RegExp(translatedWord, 'gi');\n                \n                englishText.innerHTML = englishText.innerHTML.replace(englishRegex, \n                    match => `<span class=\"highlight\">${match}</span>`);\n                translatedText.innerHTML = translatedText.innerHTML.replace(translatedRegex, \n                    match => `<span class=\"highlight\">${match}</span>`);\n            }\n            \n            highlightWords();\n        });\n    </script>\n</body>\n</html>\n```",
            "pydantic": null,
            "json_dict": null,
            "agent": "Children's Book Page Layout Designer\n",
            "output_format": "raw"
        }
    ],
    "token_usage": {
        "total_tokens": 20627,
        "prompt_tokens": 14551,
        "cached_prompt_tokens": 0,
        "completion_tokens": 6076,
        "successful_requests": 10
    }
}