{
    "raw": "```html\n<!DOCTYPE html>\n<html lang=\"en\">\n<head>\n    <meta charset=\"UTF-8\">\n    <meta name=\"viewport\" content=\"width=device-width, initial-scale=1.0\">\n    <title>Children's Space Story</title>\n    <style>\n        @page {\n            size: A4;\n            margin: 0;\n        }\n        \n        body {\n            margin: 0;\n            padding: 20px;\n            font-family: 'Comic Sans MS', cursive, sans-serif;\n            background-color: #f0f8ff;\n        }\n\n        .page-container {\n            width: 210mm;\n            height: 297mm;\n            margin: 0 auto;\n            background-color: white;\n            box-shadow: 0 0 10px rgba(0,0,0,0.1);\n            display: grid;\n            grid-template-rows: auto auto;\n            gap: 20px;\n            padding: 30px;\n            box-sizing: border-box;\n        }\n\n        .illustration {\n            width: 100%;\n            height: 40%;\n            object-fit: contain;\n            border-radius: 15px;\n            box-shadow: 0 4px 8px rgba(0,0,0,0.1);\n        }\n\n        .text-container {\n            display: grid;\n            grid-template-columns: 1fr 1fr;\n            gap: 20px;\n            padding: 20px;\n            background-color: rgba(255,255,255,0.9);\n            border-radius: 15px;\n        }\n\n        .text-section {\n            padding: 15px;\n            border-radius: 10px;\n            background-color: #fff;\n            box-shadow: 0 2px 4px rgba(0,0,0,0.05);\n        }\n\n        .english-text {\n            font-size: 18px;\n            line-height: 1.6;\n            color: #333;\n        }\n\n        .translated-text {\n            font-size: 18px;\n            line-height: 1.6;\n            color: #333;\n        }\n\n        .highlight {\n            background-color: #fff3b0;\n            padding: 2px 5px;\n            border-radius: 4px;\n            font-weight: bold;\n            color: #d35400;\n        }\n\n        @media print {\n            body {\n                background: none;\n            }\n            .page-container {\n                box-shadow: none;\n            }\n        }\n    </style>\n</head>\n<body>\n    <div class=\"page-container\">\n        <img class=\"illustration\" src=\"{{ illustration_path }}\" alt=\"Story Illustration\">\n        <div class=\"text-container\">\n            <div class=\"text-section english-text\">\n                {{ english_text|replace(english_highlight_vocabulary_word, '<span class=\"highlight\">' + english_highlight_vocabulary_word + '</span>')|safe }}\n            </div>\n            <div class=\"text-section translated-text\">\n                {{ translated_text|replace(translated_highlight_vocabulary_word, '<span class=\"highlight\">' + translated_highlight_vocabulary_word + '</span>')|safe }}\n            </div>\n        </div>\n    </div>\n    <script>\n        document.addEventListener('DOMContentLoaded', function() {\n            // Ensure content fits within page bounds\n            const container = document.querySelector('.page-container');\n            const textContainer = document.querySelector('.text-container');\n            \n            function adjustFontSize() {\n                let fontSize = 18;\n                while (container.scrollHeight > container.clientHeight && fontSize > 12) {\n                    fontSize--;\n                    document.querySelectorAll('.english-text, .translated-text').forEach(el => {\n                        el.style.fontSize = fontSize + 'px';\n                    });\n                }\n            }\n            \n            adjustFontSize();\n            window.addEventListener('resize', adjustFontSize);\n        });\n    </script>\n</body>\n</html>\n```",
    "pydantic": null,
    "json_dict": null,
    "tasks_output": [
        {
            "description": "Based on the user input \"The modern cosmology about the universe, its birth, evolution and different types of Celestial bodies\" and target age group \"1-6\", research the latest topics and themes. Use Wikipedia and other sources to gather background information and educational elements. Use simple language to explain hard concepts for children. Establish a final theme for a picture book, then determine the key educational elements.\n",
            "name": "research_story_theme_task",
            "expected_output": "Final theme for a picture book, key educational elements. Must follow user's input \"The modern cosmology about the universe, its birth, evolution and different types of Celestial bodies\".\n",
            "summary": "Based on the user input \"The modern cosmology about the...",
            "raw": "{\n  \"theme\": \"A Cosmic Adventure with Luna the Star: Exploring Our Amazing Universe\",\n  \"educational_elements\": [\n    \"The Big Beginning - Introducing the birth of the universe through simple imagery of a tiny point expanding into colorful space (simplified Big Bang concept)\",\n    \"Space is Big and Growing - Using balloon analogy to show how the universe keeps getting bigger\",\n    \"Star Families - Teaching about different types of stars using colors and sizes children can relate to (red giants, white dwarfs, yellow stars like our Sun)\",\n    \"Galaxy Shapes - Presenting galaxies as cosmic neighborhoods where stars live together (spiral, elliptical, and irregular shapes)\",\n    \"Our Solar Family - Introducing the Sun as our special star and the planets as its children\",\n    \"Cosmic Colors - Teaching about different celestial objects through their colors (red Mars, blue Earth, colorful nebulae)\",\n    \"Day and Night - Explaining basic celestial movement and why we have day and night\",\n    \"Moon Phases - Showing how the Moon changes shape throughout the month\",\n    \"Twinkling Stars - Simple explanation of why stars appear to twinkle\",\n    \"Space Distances - Using familiar distance concepts (like walking to school) to explain space is very, very far away\",\n    \"Gravity Fun - Simple demonstration of gravity using everyday examples like dropped toys\",\n    \"Constellation Stories - Introducing basic constellations as connect-the-dots pictures in the sky\",\n    \"Counting Stars and Planets - Including basic number recognition up to 10\",\n    \"Size Comparisons - Using familiar objects to show relative sizes (Sun as a beach ball, Earth as a pea)\",\n    \"Interactive Elements - Including touch-and-feel textures for different celestial bodies\"\n  ]\n}",
            "pydantic": null,
            "json_dict": {
                "theme": "A Cosmic Adventure with Luna the Star: Exploring Our Amazing Universe",
                "educational_elements": [
                    "The Big Beginning - Introducing the birth of the universe through simple imagery of a tiny point expanding into colorful space (simplified Big Bang concept)",
                    "Space is Big and Growing - Using balloon analogy to show how the universe keeps getting bigger",
                    "Star Families - Teaching about different types of stars using colors and sizes children can relate to (red giants, white dwarfs, yellow stars like our Sun)",
                    "Galaxy Shapes - Presenting galaxies as cosmic neighborhoods where stars live together (spiral, elliptical, and irregular shapes)",
                    "Our Solar Family - Introducing the Sun as our special star and the planets as its children",
                    "Cosmic Colors - Teaching about different celestial objects through their colors (red Mars, blue Earth, colorful nebulae)",
                    "Day and Night - Explaining basic celestial movement and why we have day and night",
                    "Moon Phases - Showing how the Moon changes shape throughout the month",
                    "Twinkling Stars - Simple explanation of why stars appear to twinkle",
                    "Space Distances - Using familiar distance concepts (like walking to school) to explain space is very, very far away",
                    "Gravity Fun - Simple demonstration of gravity using everyday examples like dropped toys",
                    "Constellation Stories - Introducing basic constellations as connect-the-dots pictures in the sky",
                    "Counting Stars and Planets - Including basic number recognition up to 10",
                    "Size Comparisons - Using familiar objects to show relative sizes (Sun as a beach ball, Earth as a pea)",
                    "Interactive Elements - Including touch-and-feel textures for different celestial bodies"
                ]
            },
            "agent": "Expert Educational Content Researcher\n",
            "output_format": "json"
        },
        {
            "description": "Create a detailed story outline based on the research findings and user requirements \"The modern cosmology about the universe, its birth, evolution and different types of Celestial bodies\". Plan the narrative structure for a picture book appropriate for age \"1-6\", including character development, plot points, and page-by-page story progression. Ensure the story length and complexity align with the target age group's attention span and comprehension level.\nNote: One page consists of a core vocabulary word, one simple English sentence, and its translation. (one-to-one)\n",
            "name": "develop_story_outline_task",
            "expected_output": "Title of the book, character descriptions, plot points, core vocabulary words, and educational elements.\n",
            "summary": "Create a detailed story outline based on the research findings...",
            "raw": "{\n  \"title\": \"Luna's Cosmic Journey: A First Space Adventure\",\n  \"character_descriptions\": [\n    \"Luna - A friendly little star with a sparkly smile and curious personality\",\n    \"Papa Sun - The wise, warm center of our solar system who guides Luna\",\n    \"Mercury, Venus, Earth, Mars, Jupiter, Saturn, Uranus, Neptune - The planet siblings who Luna meets on her journey\",\n    \"Milky - A sparkly spiral galaxy who teaches Luna about space\"\n  ],\n  \"pages\": [\n    {\n      \"core_vocabulary\": \"universe\",\n      \"plot_point\": \"Long ago, the universe started as a tiny dot that grew into something big and beautiful.\",\n      \"educational_elements\": \"Introduction to the Big Bang concept through simple imagery\"\n    },\n    {\n      \"core_vocabulary\": \"space\",\n      \"plot_point\": \"Luna lives in a magical place called space that keeps growing like a balloon.\",\n      \"educational_elements\": \"Understanding expanding universe using balloon analogy\"\n    },\n    {\n      \"core_vocabulary\": \"star\",\n      \"plot_point\": \"Luna is a tiny yellow star who loves to twinkle and shine.\",\n      \"educational_elements\": \"Introduction to stars and their basic characteristics\"\n    },\n    {\n      \"core_vocabulary\": \"galaxy\",\n      \"plot_point\": \"Luna lives in a swirly star neighborhood called a galaxy.\",\n      \"educational_elements\": \"Basic concept of galaxy structures\"\n    },\n    {\n      \"core_vocabulary\": \"Sun\",\n      \"plot_point\": \"Papa Sun is the biggest and brightest star in Luna's family.\",\n      \"educational_elements\": \"Introduction to the Sun as our star\"\n    },\n    {\n      \"core_vocabulary\": \"planets\",\n      \"plot_point\": \"Eight planet friends spin around Papa Sun in a cosmic dance.\",\n      \"educational_elements\": \"Basic solar system structure\"\n    },\n    {\n      \"core_vocabulary\": \"Earth\",\n      \"plot_point\": \"Earth is a blue planet where people live and play.\",\n      \"educational_elements\": \"Introduction to Earth as our home planet\"\n    },\n    {\n      \"core_vocabulary\": \"Moon\",\n      \"plot_point\": \"The Moon plays peek-a-boo, changing its shape every night.\",\n      \"educational_elements\": \"Simple explanation of moon phases\"\n    },\n    {\n      \"core_vocabulary\": \"day\",\n      \"plot_point\": \"When Papa Sun shines on Earth, it's daytime for playing.\",\n      \"educational_elements\": \"Basic concept of day and night cycle\"\n    },\n    {\n      \"core_vocabulary\": \"night\",\n      \"plot_point\": \"When Earth turns away from Papa Sun, Luna and her friends twinkle in the night sky.\",\n      \"educational_elements\": \"Understanding nighttime and stars\"\n    },\n    {\n      \"core_vocabulary\": \"gravity\",\n      \"plot_point\": \"Gravity is like a cosmic hug that keeps planets spinning around Papa Sun.\",\n      \"educational_elements\": \"Simple introduction to gravity\"\n    },\n    {\n      \"core_vocabulary\": \"constellation\",\n      \"plot_point\": \"Luna plays connect-the-dots with her star friends to make pictures in the sky.\",\n      \"educational_elements\": \"Introduction to constellations\"\n    },\n    {\n      \"core_vocabulary\": \"distance\",\n      \"plot_point\": \"Space is so big that even Luna's fastest zoom takes years to visit her friends.\",\n      \"educational_elements\": \"Concept of vast space distances\"\n    },\n    {\n      \"core_vocabulary\": \"size\",\n      \"plot_point\": \"If Papa Sun was as big as a beach ball, Earth would be tiny like a pea!\",\n      \"educational_elements\": \"Size comparisons using familiar objects\"\n    },\n    {\n      \"core_vocabulary\": \"family\",\n      \"plot_point\": \"Luna loves her cosmic family and all the wonders of the universe.\",\n      \"educational_elements\": \"Reinforcing concepts of space objects as a connected system\"\n    }\n  ]\n}",
            "pydantic": null,
            "json_dict": {
                "title": "Luna's Cosmic Journey: A First Space Adventure",
                "character_descriptions": [
                    "Luna - A friendly little star with a sparkly smile and curious personality",
                    "Papa Sun - The wise, warm center of our solar system who guides Luna",
                    "Mercury, Venus, Earth, Mars, Jupiter, Saturn, Uranus, Neptune - The planet siblings who Luna meets on her journey",
                    "Milky - A sparkly spiral galaxy who teaches Luna about space"
                ],
                "pages": [
                    {
                        "core_vocabulary": "universe",
                        "plot_point": "Long ago, the universe started as a tiny dot that grew into something big and beautiful.",
                        "educational_elements": "Introduction to the Big Bang concept through simple imagery"
                    },
                    {
                        "core_vocabulary": "space",
                        "plot_point": "Luna lives in a magical place called space that keeps growing like a balloon.",
                        "educational_elements": "Understanding expanding universe using balloon analogy"
                    },
                    {
                        "core_vocabulary": "star",
                        "plot_point": "Luna is a tiny yellow star who loves to twinkle and shine.",
                        "educational_elements": "Introduction to stars and their basic characteristics"
                    },
                    {
                        "core_vocabulary": "galaxy",
                        "plot_point": "Luna lives in a swirly star neighborhood called a galaxy.",
                        "educational_elements": "Basic concept of galaxy structures"
                    },
                    {
                        "core_vocabulary": "Sun",
                        "plot_point": "Papa Sun is the biggest and brightest star in Luna's family.",
                        "educational_elements": "Introduction to the Sun as our star"
                    },
                    {
                        "core_vocabulary": "planets",
                        "plot_point": "Eight planet friends spin around Papa Sun in a cosmic dance.",
                        "educational_elements": "Basic solar system structure"
                    },
                    {
                        "core_vocabulary": "Earth",
                        "plot_point": "Earth is a blue planet where people live and play.",
                        "educational_elements": "Introduction to Earth as our home planet"
                    },
                    {
                        "core_vocabulary": "Moon",
                        "plot_point": "The Moon plays peek-a-boo, changing its shape every night.",
                        "educational_elements": "Simple explanation of moon phases"
                    },
                    {
                        "core_vocabulary": "day",
                        "plot_point": "When Papa Sun shines on Earth, it's daytime for playing.",
                        "educational_elements": "Basic concept of day and night cycle"
                    },
                    {
                        "core_vocabulary": "night",
                        "plot_point": "When Earth turns away from Papa Sun, Luna and her friends twinkle in the night sky.",
                        "educational_elements": "Understanding nighttime and stars"
                    },
                    {
                        "core_vocabulary": "gravity",
                        "plot_point": "Gravity is like a cosmic hug that keeps planets spinning around Papa Sun.",
                        "educational_elements": "Simple introduction to gravity"
                    },
                    {
                        "core_vocabulary": "constellation",
                        "plot_point": "Luna plays connect-the-dots with her star friends to make pictures in the sky.",
                        "educational_elements": "Introduction to constellations"
                    },
                    {
                        "core_vocabulary": "distance",
                        "plot_point": "Space is so big that even Luna's fastest zoom takes years to visit her friends.",
                        "educational_elements": "Concept of vast space distances"
                    },
                    {
                        "core_vocabulary": "size",
                        "plot_point": "If Papa Sun was as big as a beach ball, Earth would be tiny like a pea!",
                        "educational_elements": "Size comparisons using familiar objects"
                    },
                    {
                        "core_vocabulary": "family",
                        "plot_point": "Luna loves her cosmic family and all the wonders of the universe.",
                        "educational_elements": "Reinforcing concepts of space objects as a connected system"
                    }
                ]
            },
            "agent": "Senior Children's Story Development Strategist\n",
            "output_format": "json"
        },
        {
            "description": "Transform the approved story outline into engaging, age-appropriate prose for each page. Ensure vocabulary and sentence structure are suitable for \"1-6\", while maintaining narrative flow and entertainment value. Each page's content should be balanced in length and complexity.\nNote: One page consists of a core vocabulary word, one simple English sentence, and its translation. (one-to-one)\n",
            "name": "write_story_content_task",
            "expected_output": "A list of story text (each must contain its core vocabulary word) and core vocabulary word broken down by pages, with age-appropriate language, engaging narrative, and consistent pacing throughout the book.\n",
            "summary": "Transform the approved story outline into engaging, age-appropriate prose for...",
            "raw": "{\n  \"pages\": [\n    {\n      \"core_vocabulary_word\": \"universe\",\n      \"content\": \"Once upon a time, the universe was a tiny dot smaller than your smallest toy, then BOOM - it grew into something big and beautiful!\"\n    },\n    {\n      \"core_vocabulary_word\": \"space\",\n      \"content\": \"Space is like a giant playground that keeps getting bigger and bigger, just like when you blow up a balloon!\"\n    },\n    {\n      \"core_vocabulary_word\": \"star\",\n      \"content\": \"Luna is a happy little star who loves to sparkle and shine bright in the night sky.\"\n    },\n    {\n      \"core_vocabulary_word\": \"galaxy\",\n      \"content\": \"Luna lives in a special galaxy that looks like a giant swirly lollipop made of stars.\"\n    },\n    {\n      \"core_vocabulary_word\": \"Sun\",\n      \"content\": \"Papa Sun is the biggest and warmest star, spreading light and hugs to everyone around him.\"\n    },\n    {\n      \"core_vocabulary_word\": \"planets\",\n      \"content\": \"Eight colorful planets twirl and spin around Papa Sun like a merry-go-round in space.\"\n    },\n    {\n      \"core_vocabulary_word\": \"Earth\",\n      \"content\": \"Earth is a beautiful blue planet where children play and animals roam.\"\n    },\n    {\n      \"core_vocabulary_word\": \"Moon\",\n      \"content\": \"The Moon plays hide and seek in the sky, sometimes looking round and full, other times thin like a smile.\"\n    },\n    {\n      \"core_vocabulary_word\": \"day\",\n      \"content\": \"When Papa Sun shines on Earth, it's day time for running and playing outside.\"\n    },\n    {\n      \"core_vocabulary_word\": \"night\",\n      \"content\": \"At night, Luna and her star friends come out to dance and twinkle in the dark sky.\"\n    },\n    {\n      \"core_vocabulary_word\": \"gravity\",\n      \"content\": \"Gravity is like an invisible hug that keeps everything from floating away into space.\"\n    },\n    {\n      \"core_vocabulary_word\": \"constellation\",\n      \"content\": \"Luna plays a fun game connecting stars to make pictures called constellations in the sky.\"\n    },\n    {\n      \"core_vocabulary_word\": \"distance\",\n      \"content\": \"Space is so big that even if Luna zoomed super fast, it would take years to visit her far-away friends.\"\n    },\n    {\n      \"core_vocabulary_word\": \"size\",\n      \"content\": \"Papa Sun is so big that if he was a beach ball, Earth would be tiny like a little green pea!\"\n    },\n    {\n      \"core_vocabulary_word\": \"family\",\n      \"content\": \"Luna loves her space family - from the tiniest star to the biggest planet, they're all special to her.\"\n    }\n  ]\n}",
            "pydantic": null,
            "json_dict": {
                "pages": [
                    {
                        "core_vocabulary_word": "universe",
                        "content": "Once upon a time, the universe was a tiny dot smaller than your smallest toy, then BOOM - it grew into something big and beautiful!"
                    },
                    {
                        "core_vocabulary_word": "space",
                        "content": "Space is like a giant playground that keeps getting bigger and bigger, just like when you blow up a balloon!"
                    },
                    {
                        "core_vocabulary_word": "star",
                        "content": "Luna is a happy little star who loves to sparkle and shine bright in the night sky."
                    },
                    {
                        "core_vocabulary_word": "galaxy",
                        "content": "Luna lives in a special galaxy that looks like a giant swirly lollipop made of stars."
                    },
                    {
                        "core_vocabulary_word": "Sun",
                        "content": "Papa Sun is the biggest and warmest star, spreading light and hugs to everyone around him."
                    },
                    {
                        "core_vocabulary_word": "planets",
                        "content": "Eight colorful planets twirl and spin around Papa Sun like a merry-go-round in space."
                    },
                    {
                        "core_vocabulary_word": "Earth",
                        "content": "Earth is a beautiful blue planet where children play and animals roam."
                    },
                    {
                        "core_vocabulary_word": "Moon",
                        "content": "The Moon plays hide and seek in the sky, sometimes looking round and full, other times thin like a smile."
                    },
                    {
                        "core_vocabulary_word": "day",
                        "content": "When Papa Sun shines on Earth, it's day time for running and playing outside."
                    },
                    {
                        "core_vocabulary_word": "night",
                        "content": "At night, Luna and her star friends come out to dance and twinkle in the dark sky."
                    },
                    {
                        "core_vocabulary_word": "gravity",
                        "content": "Gravity is like an invisible hug that keeps everything from floating away into space."
                    },
                    {
                        "core_vocabulary_word": "constellation",
                        "content": "Luna plays a fun game connecting stars to make pictures called constellations in the sky."
                    },
                    {
                        "core_vocabulary_word": "distance",
                        "content": "Space is so big that even if Luna zoomed super fast, it would take years to visit her far-away friends."
                    },
                    {
                        "core_vocabulary_word": "size",
                        "content": "Papa Sun is so big that if he was a beach ball, Earth would be tiny like a little green pea!"
                    },
                    {
                        "core_vocabulary_word": "family",
                        "content": "Luna loves her space family - from the tiniest star to the biggest planet, they're all special to her."
                    }
                ]
            },
            "agent": "Versatile Children's Content Creator\n",
            "output_format": "json"
        },
        {
            "description": "Develop comprehensive visual style guidelines for the book's illustrations based on the content and target age group \"1-6\". Create detailed image generation prompts for each page that maintain consistency in character design, color palette, and overall artistic direction.\n",
            "name": "design_art_direction_task",
            "expected_output": "Character design specifications, color palette, visual style guidelines.\n",
            "summary": "Develop comprehensive visual style guidelines for the book's illustrations based...",
            "raw": "{\n  \"art_direction\": \"CHARACTER DESIGN SPECIFICATIONS:\n1. Luna (Main Character Star):\n- Anthropomorphized star with big expressive eyes\n- Gentle curved points creating a friendly star shape\n- Sparkly white-gold glow with subtle rainbow shimmer\n- Cheerful expression with a sweet smile\n- Size reference: About the size of a child's hand in illustrations\n\n2. Papa Sun:\n- Large, warm-colored circular character\n- Gentle, fatherly face with kind eyes\n- Soft orange-yellow corona resembling fluffy hair\n- Radiating warm light with gentle gradients\n- Size reference: Largest character in scenes\n\n3. Supporting Characters:\n- Planets: Each with distinct colors and simple faces\n- Stars: Smaller versions of Luna's design\n- Moon: Gentle crescent shape with sleepy eyes\n\nCOLOR PALETTE:\nPrimary Colors:\n- Deep Space Background: Rich navy (#1B2735)\n- Cosmic Purple: Soft nebula purple (#9B6B9E)\n- Celestial Blue: Bright cerulean (#4A90E2)\n- Stellar Yellow: Warm gold (#FFD700)\n- Earth Tones: Vibrant blue-green (#2E8B57)\n\nAccent Colors:\n- Stardust Pink: Soft rose (#FFB6C1)\n- Nebula Green: Mint green (#98FF98)\n- Cosmic Orange: Gentle coral (#FF7F50)\n\nVISUAL STYLE GUIDELINES:\n1. Overall Style:\n- Soft, rounded shapes suitable for young children\n- No sharp edges or harsh contrasts\n- Dreamy, magical atmosphere\n- Simple but engaging compositions\n- Clear focal points for each illustration\n\n2. Texture Treatment:\n- Gentle gradient backgrounds\n- Subtle sparkle effects for stars\n- Soft glow around luminous elements\n- Watercolor-like cosmic effects\n- Minimal texture to maintain clarity\n\n3. Layout Principles:\n- Center important elements\n- Leave space for text\n- Create depth through layering\n- Use size relationships to show scale\n- Maintain consistent character proportions\n\n4. Special Effects:\n- Gentle starlight sparkles\n- Soft cosmic dust\n- Rainbow aurora effects\n- Transparent light rays\n- Subtle motion lines for movement\n\n5. Environmental Elements:\n- Simplified cosmic clouds\n- Stylized star clusters\n- Basic planet shapes\n- Clear silhouettes\n- Minimal background detail\n\n6. Accessibility Considerations:\n- High contrast for main elements\n- Clear character separation\n- Easily distinguishable colors\n- Simple, readable shapes\n- Consistent visual hierarchy\n\nPAGE-SPECIFIC GUIDELINES:\n- Opening pages: Focus on expansion effects\n- Character introduction pages: Clear character focus\n- Action scenes: Dynamic but gentle movement\n- Night scenes: Balanced dark/light contrast\n- Educational pages: Clear visual metaphors\"\n}",
            "pydantic": null,
            "json_dict": {
                "art_direction": "CHARACTER DESIGN SPECIFICATIONS:\n1. Luna (Main Character Star):\n- Anthropomorphized star with big expressive eyes\n- Gentle curved points creating a friendly star shape\n- Sparkly white-gold glow with subtle rainbow shimmer\n- Cheerful expression with a sweet smile\n- Size reference: About the size of a child's hand in illustrations\n\n2. Papa Sun:\n- Large, warm-colored circular character\n- Gentle, fatherly face with kind eyes\n- Soft orange-yellow corona resembling fluffy hair\n- Radiating warm light with gentle gradients\n- Size reference: Largest character in scenes\n\n3. Supporting Characters:\n- Planets: Each with distinct colors and simple faces\n- Stars: Smaller versions of Luna's design\n- Moon: Gentle crescent shape with sleepy eyes\n\nCOLOR PALETTE:\nPrimary Colors:\n- Deep Space Background: Rich navy (#1B2735)\n- Cosmic Purple: Soft nebula purple (#9B6B9E)\n- Celestial Blue: Bright cerulean (#4A90E2)\n- Stellar Yellow: Warm gold (#FFD700)\n- Earth Tones: Vibrant blue-green (#2E8B57)\n\nAccent Colors:\n- Stardust Pink: Soft rose (#FFB6C1)\n- Nebula Green: Mint green (#98FF98)\n- Cosmic Orange: Gentle coral (#FF7F50)\n\nVISUAL STYLE GUIDELINES:\n1. Overall Style:\n- Soft, rounded shapes suitable for young children\n- No sharp edges or harsh contrasts\n- Dreamy, magical atmosphere\n- Simple but engaging compositions\n- Clear focal points for each illustration\n\n2. Texture Treatment:\n- Gentle gradient backgrounds\n- Subtle sparkle effects for stars\n- Soft glow around luminous elements\n- Watercolor-like cosmic effects\n- Minimal texture to maintain clarity\n\n3. Layout Principles:\n- Center important elements\n- Leave space for text\n- Create depth through layering\n- Use size relationships to show scale\n- Maintain consistent character proportions\n\n4. Special Effects:\n- Gentle starlight sparkles\n- Soft cosmic dust\n- Rainbow aurora effects\n- Transparent light rays\n- Subtle motion lines for movement\n\n5. Environmental Elements:\n- Simplified cosmic clouds\n- Stylized star clusters\n- Basic planet shapes\n- Clear silhouettes\n- Minimal background detail\n\n6. Accessibility Considerations:\n- High contrast for main elements\n- Clear character separation\n- Easily distinguishable colors\n- Simple, readable shapes\n- Consistent visual hierarchy\n\nPAGE-SPECIFIC GUIDELINES:\n- Opening pages: Focus on expansion effects\n- Character introduction pages: Clear character focus\n- Action scenes: Dynamic but gentle movement\n- Night scenes: Balanced dark/light contrast\n- Educational pages: Clear visual metaphors"
            },
            "agent": "Children's Book Art Director\n",
            "output_format": "json"
        },
        {
            "description": "Using AI image generation tools, create illustrations for each page following the art direction guidelines and content. Generate multiple variations for each scene to ensure the best possible visual representation. Ensure illustrations are engaging and appropriate for \"1-6\".\nNote: One illustration for one page (one-to-one)\n",
            "name": "create_illustrations_task",
            "expected_output": "High-quality AI illustration prompts (e.g. for Midjourney) for each page that align with the art direction, content, and age-appropriate visual complexity.\n",
            "summary": "Using AI image generation tools, create illustrations for each page...",
            "raw": "{\n  \"illustration_prompts\": [\n    \"children's book illustration of a magical tiny glowing dot expanding into a beautiful cosmic scene with swirling stars and colors, soft rounded shapes, gentle gradients from navy (#1B2735) to purple (#9B6B9E), dreamy magical atmosphere, simple composition, soft glow effects, watercolor style, no sharp edges\",\n    \n    \"whimsical children's illustration of a expanding cosmic playground in space, with floating balloons made of stardust, soft rounded shapes, deep navy background (#1B2735) with gentle sparkles, dreamy atmosphere, watercolor-like cosmic effects, gentle gradient backgrounds\",\n    \n    \"cute anthropomorphized star character Luna with big expressive eyes and sweet smile, white-gold glow with subtle rainbow shimmer, gentle curved points, sparkly effects, against a soft purple nebula background, children's book style, soft shapes\",\n    \n    \"playful children's illustration of a spiral galaxy shaped like a swirly lollipop, filled with tiny stars, featuring Luna floating happily, soft cosmic dust effects, gentle starlight sparkles, dreamy purple and blue gradients, watercolor texture\",\n    \n    \"warm and friendly illustration of Papa Sun as a large circular character with kind eyes and fluffy corona hair in orange-yellow, radiating gentle light beams, surrounded by cosmic clouds, children's book style, soft edges\",\n    \n    \"cheerful children's book illustration of eight colorful planet characters with simple faces dancing in a circle around Papa Sun, like a cosmic merry-go-round, with motion lines showing movement, soft glow effects, deep space background\",\n    \n    \"beautiful Earth as a blue-green sphere with simple continents and clouds, happy face, children playing and animals visible on the surface, surrounded by gentle starlight, children's book style, soft rounded shapes\",\n    \n    \"playful illustration of Moon character in different phases, from full circle to crescent, playing peek-a-boo with stars, soft silver glow, gentle shadows, dreamy night sky background, children's book style\",\n    \n    \"bright cheerful illustration of Papa Sun shining warmly on Earth, with happy children playing under a blue sky, soft light rays, gentle clouds, warm colors, children's book style\",\n    \n    \"magical nighttime scene with Luna and star friends dancing and twinkling in a deep blue sky, soft sparkle effects, gentle starlight, dreamy atmosphere, children's book style\",\n    \n    \"whimsical illustration showing planets and objects being hugged by invisible force of gravity, with curved motion lines around Papa Sun, soft cosmic effects, children's book style\",\n    \n    \"playful scene of Luna connecting stars with light beams to create constellation pictures, glowing dot-to-dot effect, gentle sparkles, deep space background, children's book style\",\n    \n    \"vast space scene showing Luna zooming between distant stars and planets, motion trails, sense of huge scale, soft cosmic dust effects, dreamy atmosphere, children's book style\",\n    \n    \"fun size comparison illustration showing Papa Sun as a beach ball next to Earth as a tiny pea, with Luna helping demonstrate scale, clean simple composition, children's book style\",\n    \n    \"heartwarming cosmic family portrait with Luna, Papa Sun, planets, and stars all together, arranged in a loving composition, soft glows, gentle sparkles, dreamy space background, children's book style\"\n  ]\n}",
            "pydantic": null,
            "json_dict": {
                "illustration_prompts": [
                    "children's book illustration of a magical tiny glowing dot expanding into a beautiful cosmic scene with swirling stars and colors, soft rounded shapes, gentle gradients from navy (#1B2735) to purple (#9B6B9E), dreamy magical atmosphere, simple composition, soft glow effects, watercolor style, no sharp edges",
                    "whimsical children's illustration of a expanding cosmic playground in space, with floating balloons made of stardust, soft rounded shapes, deep navy background (#1B2735) with gentle sparkles, dreamy atmosphere, watercolor-like cosmic effects, gentle gradient backgrounds",
                    "cute anthropomorphized star character Luna with big expressive eyes and sweet smile, white-gold glow with subtle rainbow shimmer, gentle curved points, sparkly effects, against a soft purple nebula background, children's book style, soft shapes",
                    "playful children's illustration of a spiral galaxy shaped like a swirly lollipop, filled with tiny stars, featuring Luna floating happily, soft cosmic dust effects, gentle starlight sparkles, dreamy purple and blue gradients, watercolor texture",
                    "warm and friendly illustration of Papa Sun as a large circular character with kind eyes and fluffy corona hair in orange-yellow, radiating gentle light beams, surrounded by cosmic clouds, children's book style, soft edges",
                    "cheerful children's book illustration of eight colorful planet characters with simple faces dancing in a circle around Papa Sun, like a cosmic merry-go-round, with motion lines showing movement, soft glow effects, deep space background",
                    "beautiful Earth as a blue-green sphere with simple continents and clouds, happy face, children playing and animals visible on the surface, surrounded by gentle starlight, children's book style, soft rounded shapes",
                    "playful illustration of Moon character in different phases, from full circle to crescent, playing peek-a-boo with stars, soft silver glow, gentle shadows, dreamy night sky background, children's book style",
                    "bright cheerful illustration of Papa Sun shining warmly on Earth, with happy children playing under a blue sky, soft light rays, gentle clouds, warm colors, children's book style",
                    "magical nighttime scene with Luna and star friends dancing and twinkling in a deep blue sky, soft sparkle effects, gentle starlight, dreamy atmosphere, children's book style",
                    "whimsical illustration showing planets and objects being hugged by invisible force of gravity, with curved motion lines around Papa Sun, soft cosmic effects, children's book style",
                    "playful scene of Luna connecting stars with light beams to create constellation pictures, glowing dot-to-dot effect, gentle sparkles, deep space background, children's book style",
                    "vast space scene showing Luna zooming between distant stars and planets, motion trails, sense of huge scale, soft cosmic dust effects, dreamy atmosphere, children's book style",
                    "fun size comparison illustration showing Papa Sun as a beach ball next to Earth as a tiny pea, with Luna helping demonstrate scale, clean simple composition, children's book style",
                    "heartwarming cosmic family portrait with Luna, Papa Sun, planets, and stars all together, arranged in a loving composition, soft glows, gentle sparkles, dreamy space background, children's book style"
                ]
            },
            "agent": "Children's Book AI Illustrator\n",
            "output_format": "json"
        },
        {
            "description": "Generate actual illustrations using AI image generation tools based on the prompts created. Ensure all images are generated at a consistent resolution of 1280x720 pixels or lower to maintain quality while optimizing file size. Save each generated image and track the file paths.\nNote: One illustration for one page (one-to-one)\n",
            "name": "generate_illustrations_task",
            "expected_output": "List of file paths to the generated illustrations, with each path corresponding to a specific page in sequential order. Also output the image size.\n",
            "summary": "Generate actual illustrations using AI image generation tools based on...",
            "raw": "{\n  \"image_size\": \"1024x720\",\n  \"illustration_paths\": [\n    \"https://fal.media/files/panda/MnpKUhJr_W1NgyLU69HEK.png\",\n    \"https://fal.media/files/zebra/o81687UEYpZql86dSMwvX.png\",\n    \"https://fal.media/files/panda/en2NlHVa0MPxcR7nxGpmX.png\",\n    \"https://fal.media/files/elephant/5P5LYtTcimofFMua7aRH1.png\",\n    \"https://fal.media/files/panda/ssB7KjTubH6sTKkPqWcQ4.png\",\n    \"https://fal.media/files/lion/epUQ-DVlywjY7UbY6PBx1.png\",\n    \"https://fal.media/files/monkey/XZHknl6R1RfkJ_LWS5SbC.png\",\n    \"https://fal.media/files/elephant/UkjOnSLOlXTrbglAqJ-C_.png\",\n    \"https://fal.media/files/kangaroo/yNed8swldR2MCEOXfeaWs.png\",\n    \"https://fal.media/files/tiger/FCCVWmR0K_FU6H6IBKKS8.png\",\n    \"https://fal.media/files/kangaroo/XfT9S3KqNglfexvOEDvzk.png\",\n    \"https://fal.media/files/zebra/4W5qtKIBCXJWz11Q4CiKw.png\",\n    \"https://fal.media/files/penguin/aCXmrjjhXkAgmEI-2Vz4e.png\",\n    \"https://fal.media/files/tiger/FifAGijjY73vftwIl3mRB.png\",\n    \"https://fal.media/files/rabbit/XoiJwBQnf7A3VTcCAXDHB.png\"\n  ]\n}",
            "pydantic": null,
            "json_dict": {
                "image_size": "1024x720",
                "illustration_paths": [
                    "https://fal.media/files/panda/MnpKUhJr_W1NgyLU69HEK.png",
                    "https://fal.media/files/zebra/o81687UEYpZql86dSMwvX.png",
                    "https://fal.media/files/panda/en2NlHVa0MPxcR7nxGpmX.png",
                    "https://fal.media/files/elephant/5P5LYtTcimofFMua7aRH1.png",
                    "https://fal.media/files/panda/ssB7KjTubH6sTKkPqWcQ4.png",
                    "https://fal.media/files/lion/epUQ-DVlywjY7UbY6PBx1.png",
                    "https://fal.media/files/monkey/XZHknl6R1RfkJ_LWS5SbC.png",
                    "https://fal.media/files/elephant/UkjOnSLOlXTrbglAqJ-C_.png",
                    "https://fal.media/files/kangaroo/yNed8swldR2MCEOXfeaWs.png",
                    "https://fal.media/files/tiger/FCCVWmR0K_FU6H6IBKKS8.png",
                    "https://fal.media/files/kangaroo/XfT9S3KqNglfexvOEDvzk.png",
                    "https://fal.media/files/zebra/4W5qtKIBCXJWz11Q4CiKw.png",
                    "https://fal.media/files/penguin/aCXmrjjhXkAgmEI-2Vz4e.png",
                    "https://fal.media/files/tiger/FifAGijjY73vftwIl3mRB.png",
                    "https://fal.media/files/rabbit/XoiJwBQnf7A3VTcCAXDHB.png"
                ]
            },
            "agent": "Children's Book AI Illustrator\n",
            "output_format": "json"
        },
        {
            "description": "Translate the approved text into the target language \"Chinese\", maintaining the story's charm, cultural nuances, and age-appropriate tone. Ensure the translation fits well with the illustrations and maintains proper pacing for each page.\nEach page consists of a core vocabulary word,one illustration, one simple English sentence, and its translation.\n",
            "name": "translate_content_task",
            "expected_output": "A list of complete translated text (each must still contain its core vocabulary word) & core vocabulary word for each page in \"Chinese\", preserving the original story's engagement level and educational value while being culturally appropriate.\n",
            "summary": "Translate the approved text into the target language \"Chinese\", maintaining...",
            "raw": "{\n  \"pages\": [\n    {\n      \"core_vocabulary_word\": \"宇宙\",\n      \"content\": \"很久很久以前，宇宙只是一个比你最小的玩具还要小的小点点，然后砰的一声 - 它变成了又大又美丽的样子！\"\n    },\n    {\n      \"core_vocabulary_word\": \"太空\",\n      \"content\": \"太空就像一个不断变大的巨大游乐场，就像你吹气球时气球越吹越大一样！\"\n    },\n    {\n      \"core_vocabulary_word\": \"星星\",\n      \"content\": \"露娜是一颗快乐的小星星，她最喜欢在夜空中闪闪发亮。\"\n    },\n    {\n      \"core_vocabulary_word\": \"星系\",\n      \"content\": \"露娜住在一个特别的星系里，这个星系看起来就像一个由星星组成的巨大旋转棒棒糖。\"\n    },\n    {\n      \"core_vocabulary_word\": \"太阳\",\n      \"content\": \"太阳爸爸是最大最温暖的星星，他把光明和温暖传递给周围的每一个人。\"\n    },\n    {\n      \"core_vocabulary_word\": \"行星\",\n      \"content\": \"八颗彩色的行星像太空中的旋转木马一样围着太阳爸爸转圈圈。\"\n    },\n    {\n      \"core_vocabulary_word\": \"地球\",\n      \"content\": \"地球是一个美丽的蓝色星球，这里有小朋友在玩耍，有动物在奔跑。\"\n    },\n    {\n      \"core_vocabulary_word\": \"月亮\",\n      \"content\": \"月亮在天空中玩捉迷藏，有时圆圆的，有时像微笑一样弯弯的。\"\n    },\n    {\n      \"core_vocabulary_word\": \"白天\",\n      \"content\": \"当太阳爸爸照耀地球的时候，就是小朋友们在外面跑跑跳跳的白天啦。\"\n    },\n    {\n      \"core_vocabulary_word\": \"夜晚\",\n      \"content\": \"到了夜晚，露娜和她的星星朋友们就会出来在黑暗的天空中跳舞闪烁。\"\n    },\n    {\n      \"core_vocabulary_word\": \"引力\",\n      \"content\": \"引力就像是一个看不见的拥抱，让所有东西都不会飘到太空里去。\"\n    },\n    {\n      \"core_vocabulary_word\": \"星座\",\n      \"content\": \"露娜喜欢玩一个有趣的游戏，把星星连起来在天空中画出星座图案。\"\n    },\n    {\n      \"core_vocabulary_word\": \"距离\",\n      \"content\": \"太空实在太大了，就算露娜飞得再快，要去拜访远方的朋友也要花好几年呢。\"\n    },\n    {\n      \"core_vocabulary_word\": \"大小\",\n      \"content\": \"太阳爸爸太大了，如果他是一个沙滩球的大小，地球就只有一颗小豌豆那么大！\"\n    },\n    {\n      \"core_vocabulary_word\": \"家庭\",\n      \"content\": \"露娜爱她的太空家庭 - 从最小的星星到最大的行星，对她来说都是特别的。\"\n    }\n  ]\n}",
            "pydantic": null,
            "json_dict": {
                "pages": [
                    {
                        "core_vocabulary_word": "宇宙",
                        "content": "很久很久以前，宇宙只是一个比你最小的玩具还要小的小点点，然后砰的一声 - 它变成了又大又美丽的样子！"
                    },
                    {
                        "core_vocabulary_word": "太空",
                        "content": "太空就像一个不断变大的巨大游乐场，就像你吹气球时气球越吹越大一样！"
                    },
                    {
                        "core_vocabulary_word": "星星",
                        "content": "露娜是一颗快乐的小星星，她最喜欢在夜空中闪闪发亮。"
                    },
                    {
                        "core_vocabulary_word": "星系",
                        "content": "露娜住在一个特别的星系里，这个星系看起来就像一个由星星组成的巨大旋转棒棒糖。"
                    },
                    {
                        "core_vocabulary_word": "太阳",
                        "content": "太阳爸爸是最大最温暖的星星，他把光明和温暖传递给周围的每一个人。"
                    },
                    {
                        "core_vocabulary_word": "行星",
                        "content": "八颗彩色的行星像太空中的旋转木马一样围着太阳爸爸转圈圈。"
                    },
                    {
                        "core_vocabulary_word": "地球",
                        "content": "地球是一个美丽的蓝色星球，这里有小朋友在玩耍，有动物在奔跑。"
                    },
                    {
                        "core_vocabulary_word": "月亮",
                        "content": "月亮在天空中玩捉迷藏，有时圆圆的，有时像微笑一样弯弯的。"
                    },
                    {
                        "core_vocabulary_word": "白天",
                        "content": "当太阳爸爸照耀地球的时候，就是小朋友们在外面跑跑跳跳的白天啦。"
                    },
                    {
                        "core_vocabulary_word": "夜晚",
                        "content": "到了夜晚，露娜和她的星星朋友们就会出来在黑暗的天空中跳舞闪烁。"
                    },
                    {
                        "core_vocabulary_word": "引力",
                        "content": "引力就像是一个看不见的拥抱，让所有东西都不会飘到太空里去。"
                    },
                    {
                        "core_vocabulary_word": "星座",
                        "content": "露娜喜欢玩一个有趣的游戏，把星星连起来在天空中画出星座图案。"
                    },
                    {
                        "core_vocabulary_word": "距离",
                        "content": "太空实在太大了，就算露娜飞得再快，要去拜访远方的朋友也要花好几年呢。"
                    },
                    {
                        "core_vocabulary_word": "大小",
                        "content": "太阳爸爸太大了，如果他是一个沙滩球的大小，地球就只有一颗小豌豆那么大！"
                    },
                    {
                        "core_vocabulary_word": "家庭",
                        "content": "露娜爱她的太空家庭 - 从最小的星星到最大的行星，对她来说都是特别的。"
                    }
                ]
            },
            "agent": "Children's Literature Translation Specialist\n",
            "output_format": "json"
        },
        {
            "description": "Generate a single-page HTML template that combine text content, translations, and illustrations into a cohesive layout suitable for A4 paper printing. For each page:\n1. Layout Requirements:\n   - A4 page size\n   - Proper margins and spacing\n\n2. Content Integration:\n   - Illustration\n   - English text content with core vocabulary word highlighted (case-insensitive)\n   - Translated text content with core vocabulary word highlighted (case-insensitive)\n\nEnsure maintaining readability and visual appeal appropriate for age range \"1-6\".\n",
            "name": "generate_html_pages_task",
            "expected_output": "An jinja2 html template (with javascript if needed) with the following keys {{ illustration_path }}  {{ english_text }}   {{ translated_text }}   {{ english_highlight_vocabulary_word }}  {{ translated_highlight_vocabulary_word }} Directly output a complete, standalone HTML file (in string) that can be opened in any browser. The template should include all necessary HTML structure, CSS styling, and JavaScript functionality.",
            "summary": "Generate a single-page HTML template that combine text content, translations,...",
            "raw": "```html\n<!DOCTYPE html>\n<html lang=\"en\">\n<head>\n    <meta charset=\"UTF-8\">\n    <meta name=\"viewport\" content=\"width=device-width, initial-scale=1.0\">\n    <title>Children's Space Story</title>\n    <style>\n        @page {\n            size: A4;\n            margin: 0;\n        }\n        \n        body {\n            margin: 0;\n            padding: 20px;\n            font-family: 'Comic Sans MS', cursive, sans-serif;\n            background-color: #f0f8ff;\n        }\n\n        .page-container {\n            width: 210mm;\n            height: 297mm;\n            margin: 0 auto;\n            background-color: white;\n            box-shadow: 0 0 10px rgba(0,0,0,0.1);\n            display: grid;\n            grid-template-rows: auto auto;\n            gap: 20px;\n            padding: 30px;\n            box-sizing: border-box;\n        }\n\n        .illustration {\n            width: 100%;\n            height: 40%;\n            object-fit: contain;\n            border-radius: 15px;\n            box-shadow: 0 4px 8px rgba(0,0,0,0.1);\n        }\n\n        .text-container {\n            display: grid;\n            grid-template-columns: 1fr 1fr;\n            gap: 20px;\n            padding: 20px;\n            background-color: rgba(255,255,255,0.9);\n            border-radius: 15px;\n        }\n\n        .text-section {\n            padding: 15px;\n            border-radius: 10px;\n            background-color: #fff;\n            box-shadow: 0 2px 4px rgba(0,0,0,0.05);\n        }\n\n        .english-text {\n            font-size: 18px;\n            line-height: 1.6;\n            color: #333;\n        }\n\n        .translated-text {\n            font-size: 18px;\n            line-height: 1.6;\n            color: #333;\n        }\n\n        .highlight {\n            background-color: #fff3b0;\n            padding: 2px 5px;\n            border-radius: 4px;\n            font-weight: bold;\n            color: #d35400;\n        }\n\n        @media print {\n            body {\n                background: none;\n            }\n            .page-container {\n                box-shadow: none;\n            }\n        }\n    </style>\n</head>\n<body>\n    <div class=\"page-container\">\n        <img class=\"illustration\" src=\"{{ illustration_path }}\" alt=\"Story Illustration\">\n        <div class=\"text-container\">\n            <div class=\"text-section english-text\">\n                {{ english_text|replace(english_highlight_vocabulary_word, '<span class=\"highlight\">' + english_highlight_vocabulary_word + '</span>')|safe }}\n            </div>\n            <div class=\"text-section translated-text\">\n                {{ translated_text|replace(translated_highlight_vocabulary_word, '<span class=\"highlight\">' + translated_highlight_vocabulary_word + '</span>')|safe }}\n            </div>\n        </div>\n    </div>\n    <script>\n        document.addEventListener('DOMContentLoaded', function() {\n            // Ensure content fits within page bounds\n            const container = document.querySelector('.page-container');\n            const textContainer = document.querySelector('.text-container');\n            \n            function adjustFontSize() {\n                let fontSize = 18;\n                while (container.scrollHeight > container.clientHeight && fontSize > 12) {\n                    fontSize--;\n                    document.querySelectorAll('.english-text, .translated-text').forEach(el => {\n                        el.style.fontSize = fontSize + 'px';\n                    });\n                }\n            }\n            \n            adjustFontSize();\n            window.addEventListener('resize', adjustFontSize);\n        });\n    </script>\n</body>\n</html>\n```",
            "pydantic": null,
            "json_dict": null,
            "agent": "Children's Book Page Layout Designer\n",
            "output_format": "raw"
        }
    ],
    "token_usage": {
        "total_tokens": 23606,
        "prompt_tokens": 15666,
        "cached_prompt_tokens": 0,
        "completion_tokens": 7940,
        "successful_requests": 10
    }
}