{
    "raw": "```html\n<!DOCTYPE html>\n<html lang=\"en\">\n<head>\n    <meta charset=\"UTF-8\">\n    <meta name=\"viewport\" content=\"width=device-width, initial-scale=1.0\">\n    <title>Children's Book Page</title>\n    <style>\n        @import url('https://fonts.googleapis.com/css2?family=Comic+Neue:wght@400;700&display=swap');\n        \n        /* A4 size styling */\n        @page {\n            size: A4;\n            margin: 0;\n        }\n        \n        body {\n            margin: 0;\n            padding: 0;\n            width: 210mm;\n            height: 297mm;\n            background: #ffffff;\n            font-family: 'Comic Neue', cursive;\n        }\n        \n        .page-container {\n            display: grid;\n            grid-template-rows: 55% 45%;\n            height: 100%;\n            padding: 20mm;\n            box-sizing: border-box;\n        }\n        \n        .illustration-container {\n            width: 100%;\n            display: flex;\n            justify-content: center;\n            align-items: center;\n            background: #f8f9fa;\n            border-radius: 15px;\n            overflow: hidden;\n            box-shadow: 0 4px 8px rgba(0,0,0,0.1);\n        }\n        \n        .illustration {\n            max-width: 90%;\n            max-height: 90%;\n            object-fit: contain;\n            transition: transform 0.3s ease;\n        }\n        \n        .illustration:hover {\n            transform: scale(1.02);\n        }\n        \n        .text-content {\n            display: grid;\n            grid-template-rows: 1fr 1fr;\n            gap: 20px;\n            padding: 20px;\n            background: #ffffff;\n        }\n        \n        .text-section {\n            padding: 15px;\n            border-radius: 10px;\n            background: #f8f9fa;\n            transition: background-color 0.3s ease;\n        }\n        \n        .text-section:hover {\n            background: #e9ecef;\n        }\n        \n        .english-text {\n            font-size: 24px;\n            line-height: 1.4;\n            color: #2c3e50;\n        }\n        \n        .translated-text {\n            font-size: 24px;\n            line-height: 1.4;\n            color: #34495e;\n        }\n        \n        .highlight {\n            background: #ffd700;\n            padding: 0 5px;\n            border-radius: 4px;\n            font-weight: bold;\n            display: inline-block;\n            transform: rotate(-1deg);\n        }\n        \n        @media print {\n            body {\n                -webkit-print-color-adjust: exact;\n                print-color-adjust: exact;\n            }\n        }\n    </style>\n</head>\n<body>\n    <div class=\"page-container\">\n        <div class=\"illustration-container\">\n            <img class=\"illustration\" src=\"{{ illustration_path }}\" alt=\"Story Illustration\">\n        </div>\n        <div class=\"text-content\">\n            <div class=\"text-section\">\n                <p class=\"english-text\">\n                    {{ english_text|replace(english_highlight_vocabulary_word, '<span class=\"highlight\">' + english_highlight_vocabulary_word + '</span>')|safe }}\n                </p>\n            </div>\n            <div class=\"text-section\">\n                <p class=\"translated-text\">\n                    {{ translated_text|replace(translated_highlight_vocabulary_word, '<span class=\"highlight\">' + translated_highlight_vocabulary_word + '</span>')|safe }}\n                </p>\n            </div>\n        </div>\n    </div>\n    <script>\n        document.addEventListener('DOMContentLoaded', function() {\n            // Add smooth fade-in animation for content\n            document.querySelector('.page-container').style.opacity = '0';\n            setTimeout(() => {\n                document.querySelector('.page-container').style.transition = 'opacity 0.5s ease';\n                document.querySelector('.page-container').style.opacity = '1';\n            }, 100);\n        });\n    </script>\n</body>\n</html>\n```",
    "pydantic": null,
    "json_dict": null,
    "tasks_output": [
        {
            "description": "Based on the user input \"calculus math\" and target age group \"1-6\", research the latest topics and themes. Use Wikipedia and other sources to gather background information and educational elements. Use simple language to explain hard concepts for children. Establish a final theme for a picture book, then determine the key educational elements.\n",
            "name": "research_story_theme_task",
            "expected_output": "Final theme for a picture book, key educational elements. Must follow user's input \"calculus math\".\n",
            "summary": "Based on the user input \"calculus math\" and target age...",
            "raw": "{\n  \"theme\": \"The Growing Garden: A Story of Changes\",\n  \"educational_elements\": [\n    \"Basic rate of change concepts through watching plants grow taller each day\",\n    \"Introduction to measuring and comparing heights using simple units\",\n    \"Pattern recognition in growth cycles and natural sequences\",\n    \"Before and after comparisons to understand transformation\",\n    \"Visual representation of increasing and decreasing quantities\",\n    \"Basic counting and number sequencing from 1-10\",\n    \"Concepts of 'more' and 'less' through plant growth stages\",\n    \"Simple graphing by marking daily growth on a wall chart\",\n    \"Introduction to time sequences (days of the week)\",\n    \"Spatial awareness through comparing sizes and positions\",\n    \"Basic addition through combining growing plants\",\n    \"Understanding continuous change through natural processes\",\n    \"Color recognition and sorting through different flowers and leaves\",\n    \"Shape recognition with various garden elements\",\n    \"Basic prediction skills by anticipating growth patterns\",\n    \"Introduction to measurement tools like rulers and measuring cups\",\n    \"Concepts of small incremental changes over time\",\n    \"Basic vocabulary related to growth and change\",\n    \"Simple cause and effect relationships in nature\",\n    \"Visual estimation skills through plant comparison\"\n  ]\n}",
            "pydantic": null,
            "json_dict": {
                "theme": "The Growing Garden: A Story of Changes",
                "educational_elements": [
                    "Basic rate of change concepts through watching plants grow taller each day",
                    "Introduction to measuring and comparing heights using simple units",
                    "Pattern recognition in growth cycles and natural sequences",
                    "Before and after comparisons to understand transformation",
                    "Visual representation of increasing and decreasing quantities",
                    "Basic counting and number sequencing from 1-10",
                    "Concepts of 'more' and 'less' through plant growth stages",
                    "Simple graphing by marking daily growth on a wall chart",
                    "Introduction to time sequences (days of the week)",
                    "Spatial awareness through comparing sizes and positions",
                    "Basic addition through combining growing plants",
                    "Understanding continuous change through natural processes",
                    "Color recognition and sorting through different flowers and leaves",
                    "Shape recognition with various garden elements",
                    "Basic prediction skills by anticipating growth patterns",
                    "Introduction to measurement tools like rulers and measuring cups",
                    "Concepts of small incremental changes over time",
                    "Basic vocabulary related to growth and change",
                    "Simple cause and effect relationships in nature",
                    "Visual estimation skills through plant comparison"
                ]
            },
            "agent": "Expert Educational Content Researcher\n",
            "output_format": "json"
        },
        {
            "description": "Create a detailed story outline based on the research findings and user requirements \"calculus math\". Plan the narrative structure for a picture book appropriate for age \"1-6\", including character development, plot points, and page-by-page story progression. Ensure the story length and complexity align with the target age group's attention span and comprehension level.\nNote: One page consists of a core vocabulary word, one simple English sentence, and its translation. (one-to-one)\n",
            "name": "develop_story_outline_task",
            "expected_output": "Title of the book, character descriptions, plot points, core vocabulary words, and educational elements.\n",
            "summary": "Create a detailed story outline based on the research findings...",
            "raw": "{\n  \"title\": \"The Growing Garden: A Story of Changes\",\n  \"character_descriptions\": [\n    \"Luna - A curious 5-year-old girl who loves to measure everything in her garden\",\n    \"Bean Buddy - A friendly talking bean plant that grows throughout the story\",\n    \"Ruler Rex - A cheerful measuring stick who helps Luna track growth\",\n    \"Count-a-lot Caterpillar - A mathematical caterpillar who helps count leaves and flowers\"\n  ],\n  \"pages\": [\n    {\n      \"core_vocabulary\": \"Plant\",\n      \"plot_point\": \"Luna plants a tiny bean seed in her garden.\",\n      \"educational_elements\": \"Introduction to starting point and potential for change\"\n    },\n    {\n      \"core_vocabulary\": \"Measure\",\n      \"plot_point\": \"Luna and Ruler Rex measure the spot where the seed is planted.\",\n      \"educational_elements\": \"Basic measurement concepts and zero point reference\"\n    },\n    {\n      \"core_vocabulary\": \"Grow\",\n      \"plot_point\": \"The first tiny sprout appears, measuring one inch tall.\",\n      \"educational_elements\": \"Introduction to positive change from zero\"\n    },\n    {\n      \"core_vocabulary\": \"Higher\",\n      \"plot_point\": \"Bean Buddy grows two inches taller than yesterday.\",\n      \"educational_elements\": \"Concept of increase and comparative measurement\"\n    },\n    {\n      \"core_vocabulary\": \"Count\",\n      \"plot_point\": \"Count-a-lot helps count five new leaves on Bean Buddy.\",\n      \"educational_elements\": \"Counting and discrete change\"\n    },\n    {\n      \"core_vocabulary\": \"More\",\n      \"plot_point\": \"Bean Buddy grows more leaves than yesterday.\",\n      \"educational_elements\": \"Comparison and rate of change concepts\"\n    },\n    {\n      \"core_vocabulary\": \"Chart\",\n      \"plot_point\": \"Luna marks Bean Buddy's new height on her growth chart.\",\n      \"educational_elements\": \"Visual representation of change over time\"\n    },\n    {\n      \"core_vocabulary\": \"Compare\",\n      \"plot_point\": \"Luna compares Bean Buddy's height to other plants.\",\n      \"educational_elements\": \"Relative measurement and comparison\"\n    },\n    {\n      \"core_vocabulary\": \"Pattern\",\n      \"plot_point\": \"Luna notices Bean Buddy grows two inches every day.\",\n      \"educational_elements\": \"Pattern recognition and constant rate of change\"\n    },\n    {\n      \"core_vocabulary\": \"Change\",\n      \"plot_point\": \"Bean Buddy blooms with beautiful flowers.\",\n      \"educational_elements\": \"Culmination of growth and total change visualization\"\n    }\n  ]\n}",
            "pydantic": null,
            "json_dict": {
                "title": "The Growing Garden: A Story of Changes",
                "character_descriptions": [
                    "Luna - A curious 5-year-old girl who loves to measure everything in her garden",
                    "Bean Buddy - A friendly talking bean plant that grows throughout the story",
                    "Ruler Rex - A cheerful measuring stick who helps Luna track growth",
                    "Count-a-lot Caterpillar - A mathematical caterpillar who helps count leaves and flowers"
                ],
                "pages": [
                    {
                        "core_vocabulary": "Plant",
                        "plot_point": "Luna plants a tiny bean seed in her garden.",
                        "educational_elements": "Introduction to starting point and potential for change"
                    },
                    {
                        "core_vocabulary": "Measure",
                        "plot_point": "Luna and Ruler Rex measure the spot where the seed is planted.",
                        "educational_elements": "Basic measurement concepts and zero point reference"
                    },
                    {
                        "core_vocabulary": "Grow",
                        "plot_point": "The first tiny sprout appears, measuring one inch tall.",
                        "educational_elements": "Introduction to positive change from zero"
                    },
                    {
                        "core_vocabulary": "Higher",
                        "plot_point": "Bean Buddy grows two inches taller than yesterday.",
                        "educational_elements": "Concept of increase and comparative measurement"
                    },
                    {
                        "core_vocabulary": "Count",
                        "plot_point": "Count-a-lot helps count five new leaves on Bean Buddy.",
                        "educational_elements": "Counting and discrete change"
                    },
                    {
                        "core_vocabulary": "More",
                        "plot_point": "Bean Buddy grows more leaves than yesterday.",
                        "educational_elements": "Comparison and rate of change concepts"
                    },
                    {
                        "core_vocabulary": "Chart",
                        "plot_point": "Luna marks Bean Buddy's new height on her growth chart.",
                        "educational_elements": "Visual representation of change over time"
                    },
                    {
                        "core_vocabulary": "Compare",
                        "plot_point": "Luna compares Bean Buddy's height to other plants.",
                        "educational_elements": "Relative measurement and comparison"
                    },
                    {
                        "core_vocabulary": "Pattern",
                        "plot_point": "Luna notices Bean Buddy grows two inches every day.",
                        "educational_elements": "Pattern recognition and constant rate of change"
                    },
                    {
                        "core_vocabulary": "Change",
                        "plot_point": "Bean Buddy blooms with beautiful flowers.",
                        "educational_elements": "Culmination of growth and total change visualization"
                    }
                ]
            },
            "agent": "Senior Children's Story Development Strategist\n",
            "output_format": "json"
        },
        {
            "description": "Transform the approved story outline into engaging, age-appropriate prose for each page. Ensure vocabulary and sentence structure are suitable for \"1-6\", while maintaining narrative flow and entertainment value. Each page's content should be balanced in length and complexity.\nNote: One page consists of a core vocabulary word, one simple English sentence, and its translation. (one-to-one)\n",
            "name": "write_story_content_task",
            "expected_output": "A list of story text (each must contain its core vocabulary word) and core vocabulary word broken down by pages, with age-appropriate language, engaging narrative, and consistent pacing throughout the book.\n",
            "summary": "Transform the approved story outline into engaging, age-appropriate prose for...",
            "raw": "{\n  \"pages\": [{\n    \"core_vocabulary_word\": \"Plant\",\n    \"content\": \"Luna plants a tiny bean seed in her garden with hope in her heart.\"\n  },\n  {\n    \"core_vocabulary_word\": \"Measure\",\n    \"content\": \"Luna and Ruler Rex measure the special spot where the seed sleeps.\"\n  },\n  {\n    \"core_vocabulary_word\": \"Grow\",\n    \"content\": \"A small green sprout starts to grow from the dark soil.\"\n  },\n  {\n    \"core_vocabulary_word\": \"Higher\",\n    \"content\": \"Bean Buddy reaches higher into the sky, growing two inches overnight.\"\n  },\n  {\n    \"core_vocabulary_word\": \"Count\",\n    \"content\": \"Count-a-lot Caterpillar helps Luna count five new green leaves.\"\n  },\n  {\n    \"core_vocabulary_word\": \"More\",\n    \"content\": \"Bean Buddy has more leaves today than yesterday.\"\n  },\n  {\n    \"core_vocabulary_word\": \"Chart\",\n    \"content\": \"Luna draws a new line on her chart to show Bean Buddy's growth.\"\n  },\n  {\n    \"core_vocabulary_word\": \"Compare\",\n    \"content\": \"Luna likes to compare Bean Buddy with the other garden plants.\"\n  },\n  {\n    \"core_vocabulary_word\": \"Pattern\",\n    \"content\": \"Luna sees a pattern in how Bean Buddy grows two inches each day.\"\n  },\n  {\n    \"core_vocabulary_word\": \"Change\",\n    \"content\": \"Bean Buddy changes from a tiny seed to a plant full of flowers.\"\n  }]\n}",
            "pydantic": null,
            "json_dict": {
                "pages": [
                    {
                        "core_vocabulary_word": "Plant",
                        "content": "Luna plants a tiny bean seed in her garden with hope in her heart."
                    },
                    {
                        "core_vocabulary_word": "Measure",
                        "content": "Luna and Ruler Rex measure the special spot where the seed sleeps."
                    },
                    {
                        "core_vocabulary_word": "Grow",
                        "content": "A small green sprout starts to grow from the dark soil."
                    },
                    {
                        "core_vocabulary_word": "Higher",
                        "content": "Bean Buddy reaches higher into the sky, growing two inches overnight."
                    },
                    {
                        "core_vocabulary_word": "Count",
                        "content": "Count-a-lot Caterpillar helps Luna count five new green leaves."
                    },
                    {
                        "core_vocabulary_word": "More",
                        "content": "Bean Buddy has more leaves today than yesterday."
                    },
                    {
                        "core_vocabulary_word": "Chart",
                        "content": "Luna draws a new line on her chart to show Bean Buddy's growth."
                    },
                    {
                        "core_vocabulary_word": "Compare",
                        "content": "Luna likes to compare Bean Buddy with the other garden plants."
                    },
                    {
                        "core_vocabulary_word": "Pattern",
                        "content": "Luna sees a pattern in how Bean Buddy grows two inches each day."
                    },
                    {
                        "core_vocabulary_word": "Change",
                        "content": "Bean Buddy changes from a tiny seed to a plant full of flowers."
                    }
                ]
            },
            "agent": "Versatile Children's Content Creator\n",
            "output_format": "json"
        },
        {
            "description": "Develop comprehensive visual style guidelines for the book's illustrations based on the content and target age group \"1-6\". Create detailed image generation prompts for each page that maintain consistency in character design, color palette, and overall artistic direction.\n",
            "name": "design_art_direction_task",
            "expected_output": "Character design specifications, color palette, visual style guidelines.\n",
            "summary": "Develop comprehensive visual style guidelines for the book's illustrations based...",
            "raw": "{\n  \"art_direction\": \"CHARACTER DESIGN SPECIFICATIONS:\n\n1. Luna (Main Character)\n- Age: 5-6 years old\n- Appearance: Round, friendly face with big expressive eyes\n- Clothing: Colorful gardening outfit with playful patterns\n- Distinguishing features: Curly hair with garden-themed hair accessories\n- Expression: Always curious and enthusiastic\n\n2. Bean Buddy (The Growing Plant)\n- Personality: Should appear slightly anthropomorphized but still realistic\n- Growth stages: Must show clear progression from seed to full plant\n- Features: Gentle curves in stem, bright green leaves\n- Expression: Subtle smile in the leaves/flowers arrangement\n\n3. Supporting Characters\n- Ruler Rex: Friendly ruler character with dinosaur features\n- Count-a-lot Caterpillar: Colorful segments with numbers on each section\n- Other garden plants: Simplified but recognizable plant varieties\n\nCOLOR PALETTE:\nPrimary Colors:\n- Garden Green (#7AB55C) - For plants and foliage\n- Sky Blue (#89CFF0) - For backgrounds\n- Sunshine Yellow (#FFD700) - For highlights and positive elements\n- Earth Brown (#8B4513) - For soil and natural elements\n\nSecondary Colors:\n- Soft Purple (#C8A2C8) - For Luna's accessories\n- Bright Orange (#FFA500) - For accent elements\n- Coral Pink (#FF7F50) - For flowers and decorative elements\n\nVISUAL STYLE GUIDELINES:\n\n1. Illustration Style\n- Soft, rounded edges for child-friendly appeal\n- Semi-realistic proportions with whimsical elements\n- Clear foreground/background separation\n- Simple shadows for depth\n- Minimal textures for young audience clarity\n\n2. Layout Principles\n- Large, clear central focus on each page\n- Plenty of white space for visual breathing room\n- Text placement in consistent, uncluttered areas\n- Educational elements (measurements, numbers) clearly visible\n\n3. Consistency Requirements\n- Bean plant must show realistic progression in size\n- Luna should maintain same scale throughout\n- Measuring tools and charts should be clearly readable\n- Background elements should remain consistent\n\n4. Special Effects\n- Gentle gradient backgrounds\n- Soft highlighting for important elements\n- Simple shadow effects\n- No complex patterns or overwhelming details\n\n5. Educational Elements\n- Clear numerical representations\n- Simple measuring marks on growth charts\n- Obvious size comparisons\n- Visible counting elements\n\nSCENE-SPECIFIC GUIDELINES:\n- Maintain eye-level perspective for young readers\n- Use size comparisons that children can relate to\n- Include familiar objects for scale reference\n- Ensure mathematical elements are clearly visible but integrated naturally\n\nACCESSIBILITY CONSIDERATIONS:\n- High contrast between elements\n- Clear shape distinction\n- Color combinations tested for color blindness\n- Simple backgrounds to maintain focus\n\nIMAGE SEQUENCE CONTINUITY:\n- Consistent lighting direction\n- Progressive plant growth showing clear stages\n- Maintain same garden setting throughout\n- Consistent time of day indication\"\n}",
            "pydantic": null,
            "json_dict": {
                "art_direction": "CHARACTER DESIGN SPECIFICATIONS:\n\n1. Luna (Main Character)\n- Age: 5-6 years old\n- Appearance: Round, friendly face with big expressive eyes\n- Clothing: Colorful gardening outfit with playful patterns\n- Distinguishing features: Curly hair with garden-themed hair accessories\n- Expression: Always curious and enthusiastic\n\n2. Bean Buddy (The Growing Plant)\n- Personality: Should appear slightly anthropomorphized but still realistic\n- Growth stages: Must show clear progression from seed to full plant\n- Features: Gentle curves in stem, bright green leaves\n- Expression: Subtle smile in the leaves/flowers arrangement\n\n3. Supporting Characters\n- Ruler Rex: Friendly ruler character with dinosaur features\n- Count-a-lot Caterpillar: Colorful segments with numbers on each section\n- Other garden plants: Simplified but recognizable plant varieties\n\nCOLOR PALETTE:\nPrimary Colors:\n- Garden Green (#7AB55C) - For plants and foliage\n- Sky Blue (#89CFF0) - For backgrounds\n- Sunshine Yellow (#FFD700) - For highlights and positive elements\n- Earth Brown (#8B4513) - For soil and natural elements\n\nSecondary Colors:\n- Soft Purple (#C8A2C8) - For Luna's accessories\n- Bright Orange (#FFA500) - For accent elements\n- Coral Pink (#FF7F50) - For flowers and decorative elements\n\nVISUAL STYLE GUIDELINES:\n\n1. Illustration Style\n- Soft, rounded edges for child-friendly appeal\n- Semi-realistic proportions with whimsical elements\n- Clear foreground/background separation\n- Simple shadows for depth\n- Minimal textures for young audience clarity\n\n2. Layout Principles\n- Large, clear central focus on each page\n- Plenty of white space for visual breathing room\n- Text placement in consistent, uncluttered areas\n- Educational elements (measurements, numbers) clearly visible\n\n3. Consistency Requirements\n- Bean plant must show realistic progression in size\n- Luna should maintain same scale throughout\n- Measuring tools and charts should be clearly readable\n- Background elements should remain consistent\n\n4. Special Effects\n- Gentle gradient backgrounds\n- Soft highlighting for important elements\n- Simple shadow effects\n- No complex patterns or overwhelming details\n\n5. Educational Elements\n- Clear numerical representations\n- Simple measuring marks on growth charts\n- Obvious size comparisons\n- Visible counting elements\n\nSCENE-SPECIFIC GUIDELINES:\n- Maintain eye-level perspective for young readers\n- Use size comparisons that children can relate to\n- Include familiar objects for scale reference\n- Ensure mathematical elements are clearly visible but integrated naturally\n\nACCESSIBILITY CONSIDERATIONS:\n- High contrast between elements\n- Clear shape distinction\n- Color combinations tested for color blindness\n- Simple backgrounds to maintain focus\n\nIMAGE SEQUENCE CONTINUITY:\n- Consistent lighting direction\n- Progressive plant growth showing clear stages\n- Maintain same garden setting throughout\n- Consistent time of day indication"
            },
            "agent": "Children's Book Art Director\n",
            "output_format": "json"
        },
        {
            "description": "Using AI image generation tools, create illustrations for each page following the art direction guidelines and content. Generate multiple variations for each scene to ensure the best possible visual representation. Ensure illustrations are engaging and appropriate for \"1-6\".\nNote: One illustration for one page (one-to-one)\n",
            "name": "create_illustrations_task",
            "expected_output": "High-quality AI illustration prompts (e.g. for Midjourney) for each page that align with the art direction, content, and age-appropriate visual complexity.\n",
            "summary": "Using AI image generation tools, create illustrations for each page...",
            "raw": "{\n  \"illustration_prompts\": [\n    \"Cheerful 5-year-old girl Luna with curly hair and colorful gardening outfit, planting a tiny bean seed in rich brown soil, garden background, soft rounded children's book illustration style, gentle gradients, high contrast, (#7AB55C, #89CFF0, #8B4513) color palette\",\n    \n    \"Luna kneeling beside a garden patch with Ruler Rex (a friendly ruler with dinosaur features) measuring a spot in the soil, clear measurement markings visible, whimsical children's book style, soft shadows, (#7AB55C, #89CFF0, #8B4513) palette\",\n    \n    \"Close-up of a tiny green bean sprout emerging from dark soil, Luna's excited face nearby, one-inch height clearly shown with Ruler Rex nearby, soft children's illustration style, gentle lighting, (#7AB55C, #FFD700, #8B4513) palette\",\n    \n    \"Bean Buddy as a small plant with a subtle smile in leaf arrangement, growing two inches taller, Luna measuring with Ruler Rex, clear height comparison, whimsical children's book style, (#7AB55C, #89CFF0, #8B4513) palette\",\n    \n    \"Luna and Count-a-lot Caterpillar (colorful numbered segments) counting five distinct new leaves on Bean Buddy, numbers visible on caterpillar segments, cheerful children's illustration style, (#7AB55C, #FFA500, #C8A2C8) palette\",\n    \n    \"Bean Buddy with multiple new leaves compared to previous day, Luna looking amazed, Count-a-lot Caterpillar helping count, clear before/after visualization, soft children's book style, (#7AB55C, #FFD700, #FF7F50) palette\",\n    \n    \"Luna drawing on a colorful growth chart next to Bean Buddy, previous measurements visible, Ruler Rex helping, clear progression shown, gentle gradients, child-friendly illustration style, (#7AB55C, #89CFF0, #FFA500) palette\",\n    \n    \"Garden scene with Bean Buddy next to other plants of varying heights, Luna comparing sizes with Ruler Rex, clear size differences, whimsical children's book style, (#7AB55C, #89CFF0, #FF7F50) palette\",\n    \n    \"Luna observing Bean Buddy's growth pattern, thought bubble showing '2 inches each day' with simple diagram, Ruler Rex pointing at measurements, child-friendly illustration style, (#7AB55C, #FFD700, #C8A2C8) palette\",\n    \n    \"Fully grown Bean Buddy covered in beautiful flowers, transformation shown from seed to full plant in corner vignette, Luna celebrating, cheerful children's book style, soft lighting, (#7AB55C, #FF7F50, #FFD700) palette\"\n  ]\n}",
            "pydantic": null,
            "json_dict": {
                "illustration_prompts": [
                    "Cheerful 5-year-old girl Luna with curly hair and colorful gardening outfit, planting a tiny bean seed in rich brown soil, garden background, soft rounded children's book illustration style, gentle gradients, high contrast, (#7AB55C, #89CFF0, #8B4513) color palette",
                    "Luna kneeling beside a garden patch with Ruler Rex (a friendly ruler with dinosaur features) measuring a spot in the soil, clear measurement markings visible, whimsical children's book style, soft shadows, (#7AB55C, #89CFF0, #8B4513) palette",
                    "Close-up of a tiny green bean sprout emerging from dark soil, Luna's excited face nearby, one-inch height clearly shown with Ruler Rex nearby, soft children's illustration style, gentle lighting, (#7AB55C, #FFD700, #8B4513) palette",
                    "Bean Buddy as a small plant with a subtle smile in leaf arrangement, growing two inches taller, Luna measuring with Ruler Rex, clear height comparison, whimsical children's book style, (#7AB55C, #89CFF0, #8B4513) palette",
                    "Luna and Count-a-lot Caterpillar (colorful numbered segments) counting five distinct new leaves on Bean Buddy, numbers visible on caterpillar segments, cheerful children's illustration style, (#7AB55C, #FFA500, #C8A2C8) palette",
                    "Bean Buddy with multiple new leaves compared to previous day, Luna looking amazed, Count-a-lot Caterpillar helping count, clear before/after visualization, soft children's book style, (#7AB55C, #FFD700, #FF7F50) palette",
                    "Luna drawing on a colorful growth chart next to Bean Buddy, previous measurements visible, Ruler Rex helping, clear progression shown, gentle gradients, child-friendly illustration style, (#7AB55C, #89CFF0, #FFA500) palette",
                    "Garden scene with Bean Buddy next to other plants of varying heights, Luna comparing sizes with Ruler Rex, clear size differences, whimsical children's book style, (#7AB55C, #89CFF0, #FF7F50) palette",
                    "Luna observing Bean Buddy's growth pattern, thought bubble showing '2 inches each day' with simple diagram, Ruler Rex pointing at measurements, child-friendly illustration style, (#7AB55C, #FFD700, #C8A2C8) palette",
                    "Fully grown Bean Buddy covered in beautiful flowers, transformation shown from seed to full plant in corner vignette, Luna celebrating, cheerful children's book style, soft lighting, (#7AB55C, #FF7F50, #FFD700) palette"
                ]
            },
            "agent": "Children's Book AI Illustrator\n",
            "output_format": "json"
        },
        {
            "description": "Generate actual illustrations using AI image generation tools based on the prompts created. Ensure all images are generated at a consistent resolution of 1280x720 pixels or lower to maintain quality while optimizing file size. Save each generated image and track the file paths.\nNote: One illustration for one page (one-to-one)\n",
            "name": "generate_illustrations_task",
            "expected_output": "List of file paths to the generated illustrations, with each path corresponding to a specific page in sequential order. Also output the image size.\n",
            "summary": "Generate actual illustrations using AI image generation tools based on...",
            "raw": "{\n  \"image_size\": \"1280x720\",\n  \"illustration_paths\": [\n    \"https://fal.media/files/lion/xnzc3fg7qq5elq7rvCNIG.png\",\n    \"https://fal.media/files/kangaroo/mrLrJwfIKKvfa1ObtSZ_I.png\",\n    \"https://fal.media/files/tiger/h-WeaZRmk-CDXYQ4LNban.png\",\n    \"https://fal.media/files/kangaroo/lRsQbaF65oeOe5uRS0xZi.png\",\n    \"https://fal.media/files/monkey/HOEUQ5C8oeVDM4OuR2Oj0.png\",\n    \"https://fal.media/files/koala/14XBapgUc4GueV5339pPd.png\",\n    \"https://fal.media/files/kangaroo/r2jkA9ztLnl1SBfkh442e.png\",\n    \"https://fal.media/files/penguin/8_0Q9YV19RGIJdW2IpAe0.png\",\n    \"https://fal.media/files/elephant/XB88LE2-oaOHE9yJlEJma.png\",\n    \"https://fal.media/files/kangaroo/DT10OKiMVREzEIYSUr3yT.png\"\n  ]\n}",
            "pydantic": null,
            "json_dict": {
                "image_size": "1280x720",
                "illustration_paths": [
                    "https://fal.media/files/lion/xnzc3fg7qq5elq7rvCNIG.png",
                    "https://fal.media/files/kangaroo/mrLrJwfIKKvfa1ObtSZ_I.png",
                    "https://fal.media/files/tiger/h-WeaZRmk-CDXYQ4LNban.png",
                    "https://fal.media/files/kangaroo/lRsQbaF65oeOe5uRS0xZi.png",
                    "https://fal.media/files/monkey/HOEUQ5C8oeVDM4OuR2Oj0.png",
                    "https://fal.media/files/koala/14XBapgUc4GueV5339pPd.png",
                    "https://fal.media/files/kangaroo/r2jkA9ztLnl1SBfkh442e.png",
                    "https://fal.media/files/penguin/8_0Q9YV19RGIJdW2IpAe0.png",
                    "https://fal.media/files/elephant/XB88LE2-oaOHE9yJlEJma.png",
                    "https://fal.media/files/kangaroo/DT10OKiMVREzEIYSUr3yT.png"
                ]
            },
            "agent": "Children's Book AI Illustrator\n",
            "output_format": "json"
        },
        {
            "description": "Translate the approved text into the target language \"Chinese\", maintaining the story's charm, cultural nuances, and age-appropriate tone. Ensure the translation fits well with the illustrations and maintains proper pacing for each page.\nEach page consists of a core vocabulary word,one illustration, one simple English sentence, and its translation.\n",
            "name": "translate_content_task",
            "expected_output": "A list of complete translated text (each must still contain its core vocabulary word) & core vocabulary word for each page in \"Chinese\", preserving the original story's engagement level and educational value while being culturally appropriate.\n",
            "summary": "Translate the approved text into the target language \"Chinese\", maintaining...",
            "raw": "{\n  \"pages\": [{\n    \"core_vocabulary_word\": \"种植\",\n    \"content\": \"露娜满怀希望地在她的花园里种下了一粒小豆子。\"\n  },\n  {\n    \"core_vocabulary_word\": \"测量\",\n    \"content\": \"露娜和尺子王在种子休息的特别位置进行测量。\"\n  },\n  {\n    \"core_vocabulary_word\": \"生长\",\n    \"content\": \"一个小绿芽从黑暗的土壤中开始生长。\"\n  },\n  {\n    \"core_vocabulary_word\": \"更高\",\n    \"content\": \"豆豆伙伴一夜之间长高了两英寸，向着天空伸展。\"\n  },\n  {\n    \"core_vocabulary_word\": \"数数\",\n    \"content\": \"数数毛毛虫帮助露娜数出了五片新的绿叶。\"\n  },\n  {\n    \"core_vocabulary_word\": \"更多\",\n    \"content\": \"豆豆伙伴今天的叶子比昨天更多了。\"\n  },\n  {\n    \"core_vocabulary_word\": \"图表\",\n    \"content\": \"露娜在她的图表上画了一条新线，记录豆豆伙伴的成长。\"\n  },\n  {\n    \"core_vocabulary_word\": \"比较\",\n    \"content\": \"露娜喜欢把豆豆伙伴和花园里的其他植物比较。\"\n  },\n  {\n    \"core_vocabulary_word\": \"规律\",\n    \"content\": \"露娜发现豆豆伙伴每天长高两英寸的生长规律。\"\n  },\n  {\n    \"core_vocabulary_word\": \"变化\",\n    \"content\": \"豆豆伙伴从一粒小种子变成了一株开满花的植物。\"\n  }]\n}",
            "pydantic": null,
            "json_dict": {
                "pages": [
                    {
                        "core_vocabulary_word": "种植",
                        "content": "露娜满怀希望地在她的花园里种下了一粒小豆子。"
                    },
                    {
                        "core_vocabulary_word": "测量",
                        "content": "露娜和尺子王在种子休息的特别位置进行测量。"
                    },
                    {
                        "core_vocabulary_word": "生长",
                        "content": "一个小绿芽从黑暗的土壤中开始生长。"
                    },
                    {
                        "core_vocabulary_word": "更高",
                        "content": "豆豆伙伴一夜之间长高了两英寸，向着天空伸展。"
                    },
                    {
                        "core_vocabulary_word": "数数",
                        "content": "数数毛毛虫帮助露娜数出了五片新的绿叶。"
                    },
                    {
                        "core_vocabulary_word": "更多",
                        "content": "豆豆伙伴今天的叶子比昨天更多了。"
                    },
                    {
                        "core_vocabulary_word": "图表",
                        "content": "露娜在她的图表上画了一条新线，记录豆豆伙伴的成长。"
                    },
                    {
                        "core_vocabulary_word": "比较",
                        "content": "露娜喜欢把豆豆伙伴和花园里的其他植物比较。"
                    },
                    {
                        "core_vocabulary_word": "规律",
                        "content": "露娜发现豆豆伙伴每天长高两英寸的生长规律。"
                    },
                    {
                        "core_vocabulary_word": "变化",
                        "content": "豆豆伙伴从一粒小种子变成了一株开满花的植物。"
                    }
                ]
            },
            "agent": "Children's Literature Translation Specialist\n",
            "output_format": "json"
        },
        {
            "description": "Generate a single-page HTML template that combine text content, translations, and illustrations into a cohesive layout suitable for A4 paper printing. For each page:\n1. Layout Requirements:\n   - A4 page size\n   - Proper margins and spacing\n\n2. Content Integration:\n   - Illustration\n   - English text content with core vocabulary word highlighted (case-insensitive)\n   - Translated text content with core vocabulary word highlighted (case-insensitive)\n\nEnsure professional publication-quality aesthetics with: - Balanced typography and visual hierarchy - Consistent spacing and alignment - Polished visual presentation - Age-appropriate design elements and decorations for \"1-6\" - Professional typesetting and layout\n",
            "name": "generate_html_pages_task",
            "expected_output": "An jinja2 html template (with javascript if needed) with the following keys {{ illustration_path }}  {{ english_text }}   {{ translated_text }}   {{ english_highlight_vocabulary_word }}  {{ translated_highlight_vocabulary_word }} Directly output a complete, standalone HTML file (in string) that can be opened in any browser. The template should include all necessary HTML structure, CSS styling, and JavaScript functionality.",
            "summary": "Generate a single-page HTML template that combine text content, translations,...",
            "raw": "```html\n<!DOCTYPE html>\n<html lang=\"en\">\n<head>\n    <meta charset=\"UTF-8\">\n    <meta name=\"viewport\" content=\"width=device-width, initial-scale=1.0\">\n    <title>Children's Book Page</title>\n    <style>\n        @import url('https://fonts.googleapis.com/css2?family=Comic+Neue:wght@400;700&display=swap');\n        \n        /* A4 size styling */\n        @page {\n            size: A4;\n            margin: 0;\n        }\n        \n        body {\n            margin: 0;\n            padding: 0;\n            width: 210mm;\n            height: 297mm;\n            background: #ffffff;\n            font-family: 'Comic Neue', cursive;\n        }\n        \n        .page-container {\n            display: grid;\n            grid-template-rows: 55% 45%;\n            height: 100%;\n            padding: 20mm;\n            box-sizing: border-box;\n        }\n        \n        .illustration-container {\n            width: 100%;\n            display: flex;\n            justify-content: center;\n            align-items: center;\n            background: #f8f9fa;\n            border-radius: 15px;\n            overflow: hidden;\n            box-shadow: 0 4px 8px rgba(0,0,0,0.1);\n        }\n        \n        .illustration {\n            max-width: 90%;\n            max-height: 90%;\n            object-fit: contain;\n            transition: transform 0.3s ease;\n        }\n        \n        .illustration:hover {\n            transform: scale(1.02);\n        }\n        \n        .text-content {\n            display: grid;\n            grid-template-rows: 1fr 1fr;\n            gap: 20px;\n            padding: 20px;\n            background: #ffffff;\n        }\n        \n        .text-section {\n            padding: 15px;\n            border-radius: 10px;\n            background: #f8f9fa;\n            transition: background-color 0.3s ease;\n        }\n        \n        .text-section:hover {\n            background: #e9ecef;\n        }\n        \n        .english-text {\n            font-size: 24px;\n            line-height: 1.4;\n            color: #2c3e50;\n        }\n        \n        .translated-text {\n            font-size: 24px;\n            line-height: 1.4;\n            color: #34495e;\n        }\n        \n        .highlight {\n            background: #ffd700;\n            padding: 0 5px;\n            border-radius: 4px;\n            font-weight: bold;\n            display: inline-block;\n            transform: rotate(-1deg);\n        }\n        \n        @media print {\n            body {\n                -webkit-print-color-adjust: exact;\n                print-color-adjust: exact;\n            }\n        }\n    </style>\n</head>\n<body>\n    <div class=\"page-container\">\n        <div class=\"illustration-container\">\n            <img class=\"illustration\" src=\"{{ illustration_path }}\" alt=\"Story Illustration\">\n        </div>\n        <div class=\"text-content\">\n            <div class=\"text-section\">\n                <p class=\"english-text\">\n                    {{ english_text|replace(english_highlight_vocabulary_word, '<span class=\"highlight\">' + english_highlight_vocabulary_word + '</span>')|safe }}\n                </p>\n            </div>\n            <div class=\"text-section\">\n                <p class=\"translated-text\">\n                    {{ translated_text|replace(translated_highlight_vocabulary_word, '<span class=\"highlight\">' + translated_highlight_vocabulary_word + '</span>')|safe }}\n                </p>\n            </div>\n        </div>\n    </div>\n    <script>\n        document.addEventListener('DOMContentLoaded', function() {\n            // Add smooth fade-in animation for content\n            document.querySelector('.page-container').style.opacity = '0';\n            setTimeout(() => {\n                document.querySelector('.page-container').style.transition = 'opacity 0.5s ease';\n                document.querySelector('.page-container').style.opacity = '1';\n            }, 100);\n        });\n    </script>\n</body>\n</html>\n```",
            "pydantic": null,
            "json_dict": null,
            "agent": "Children's Book Page Layout Designer\n",
            "output_format": "raw"
        }
    ],
    "token_usage": {
        "total_tokens": 19991,
        "prompt_tokens": 13988,
        "cached_prompt_tokens": 0,
        "completion_tokens": 6003,
        "successful_requests": 10
    }
}